ลำดับ	ภาพรีวิวจริง	เมือง	ย่าน	ชื่อร้าน / สถานที่	ประเภท	อาหาร / จุดเด่น	เวลาเปิด-ปิด	เมนูเด็ด / ไฮไลต์	โน้ตส่วนตัว	Google Maps
1	"=IMAGE(""https://msp.c.yimg.jp/images/v2/FUTi93tXq405grZVGgDqG7Nl8NPWUjOSXbEzJJqdxSUWCf3XaaGffvKJxg95bLmU6IfRbVbGvqBD0ShILxsyKPoHUVhdgIq7P0d_qUibe8mbrON8lJN_OKdGbKWMP1ONeJgfTJn6AYXOtCRwRmXl-_lZSpQAGnzxawGyms0q20eh5ZeEgiXBO2NVHRdREloSjHLc3EJcYaFSNP2rP-8hu7PulwRcWLRvBXXVOEGSCtNH_JTjngTsywHq2YIk0gJS9AUNLH9Fx_fWaFOql_tifg==/s_0na4.jpg"")"	Tokyo	Tokyo Station / Marunouchi	Hakata Kanefuku Fukutake (博多かねふく ふく竹 東京駅一番街店)	ร้านอาหาร	หม้อไฟนาเบะไข่ปลาเมนไทโกะ (Motsunabe)	11:00 – 22:30	明太もつ鍋 (หม้อไฟไส้วัวโปะไข่ปลาเมนไทโกะพูนๆ ภูเขาไฟ), ไข่หวานเมนไทโกะ		"=HYPERLINK(""https://www.google.com/maps/search/?api=1&query=35.6801757,139.7677249&query_place_id=Hakata%20Kanefuku%20Fukutake%20Tokyo%20Station%20/%20Marunouchi"", ""📍 แผนที่"")"
2	"=IMAGE(""https://msp.c.yimg.jp/images/v2/FUTi93tXq405grZVGgDqG7vtJUceQEiwasVKtK4sWxJTiIZpHWft1gaapBRvhasFuwNYhJWONbfDzNNbG221GQPja9TvUqqE4Meopt2E4NkRq0sn1ov695564MlXojEyRVuBRB2iDGSVq0XOh9CCFIsU4YgO9KL6zIzCNyOFGxGbrON8lJN_OKdGbKWMP1ONeJgfTJn6AYXOtCRwRmXl-_lZSpQAGnzxawGyms0q20eh5ZeEgiXBO2NVHRdREloSsPuF5Kxepgfw0l1c544FwidydvwiLWaN6y9aa0PpciCavF1E5weBN8CpfvNbxR1_F7hJ-oWFRyByTdaCMG5JRQ==/640x640_rect_51b368853da05a7073b7546ed6d2b4dc.jpg"")"	Tokyo	Ginza	Ginza Oishi (銀座 大石)	ร้านอาหาร Fine Dining	โมเดิร์นเฟรนช์โอมากาเสะ (French-Japanese Omakase)	12:00 (กลางวัน) / 18:00 (เย็น) [ปิดจันทร์-อังคาร, ต้องจอง]	คอร์ส Omakase ฟิวชั่นฝรั่งเศสผสานวัตถุดิบพรีเมียมญี่ปุ่น (Uni, Foie Gras, Wagyu)		"=HYPERLINK(""https://www.google.com/maps/search/?api=1&query=35.6720726,139.7683143&query_place_id=Ginza%20Oishi%20Ginza"", ""📍 แผนที่"")"
3	"=IMAGE(""https://msp.c.yimg.jp/images/v2/FUTi93tXq405grZVGgDqG86nWwWpxabKZcnY5Y9iX8M_W0f2tW4g1pzXXC983Al8a_U-pZQPjAyHpWH7MQYxmJQ2FLUJaFXZVbh0Z4khd3inGTpN24P6Y4uT4xKyxRFmuZaeGRigcNFfUnqf_uqN7XJezuOU3mWoOMB-6PsaJ4fZFX7FHoC0im0byMRPS4K3us2SZEHJyTi3y6DvrDBKV1M5fEt0RIzTc2-2XBOiEi2pyMIGLgPEyF86WR0KPk4-aYgwOLnoKncnd71WdOkg2Q==/01.jpg"")"	Tokyo	Shinjuku	Sanrio Gift Gate Shinjuku (サンリオギフトゲート 新宿店)	ช้อปปิ้ง	สินค้าคาแรกเตอร์และของที่ระลึก (Sanrio Goods)	11:00 – 20:00	สินค้า Sanrio Limited Edition, Hello Kitty, Cinnamoroll, Kuromi ชั้น 1F อาคาร Kinokuniya		"=HYPERLINK(""https://www.google.com/maps/search/?api=1&query=35.6923671,139.70309&query_place_id=Sanrio%20Gift%20Gate%20Shinjuku%20Shinjuku"", ""📍 แผนที่"")"
4	"=IMAGE(""https://msp.c.yimg.jp/images/v2/FUTi93tXq405grZVGgDqGz68sAGD1zBNMdl0xZaNos2GaqsNVswWRIaLwLk4rMCJTQsE0jiGpotfD3hXLNXs03QJYsov5oGRfp_hstfewqJUQSJQC0JdhLNutgVVblosXvmuCXWL1lVi0dJQWc1yL1nPQWGyyO_QOBAZvHOwLu0VLeT7PjJDhtC5KrEZq58ZvMnOhZZI1WYcCo5VnKDmcjA3J-qRaqbRMAm-X9hzB1u6awpYnDPtv9-wlgRdesKiLEz4dkxdF1jPkjcmo0nbsqY475eGxUsfDKSHNjAWiICAQoZS0yY8OiztkD6wFCZDpp4QeLJJv_8FCsuGuzwPF6DwLtWor8vl9ORLFPI_f3j8Sa1DbjqUR3mH2mazPrZWl808vAvUUDVGyRysXsBB82VhMxUKOleI6mocHBvYLy_9JbIzwXinlZ3lwfiA5qTHg2TUWon14TQrPwboFlQOaA==/18505-4010-2ff2cb7c9f8761e5f3eedcbb7d184bac-3900x2600.jpg"")"	Tokyo	Shinjuku	sanrio house Lumine Shinjuku 2 (サンリオハウス ルミネ新宿2店)	ช้อปปิ้ง	สินค้าแฟชั่นและของขวัญ Sanrio สำหรับผู้ใหญ่	11:00 – 21:00	คอลเลกชันแฟชั่น เสื้อผ้า กระเป๋า และแอคเซสเซอรี Sanrio ดีไซน์มินิมอลเก๋ๆ		"=HYPERLINK(""https://www.google.com/maps/search/?api=1&query=35.6894787,139.7010276&query_place_id=sanrio%20house%20Lumine%20Shinjuku%202%20Shinjuku"", ""📍 แผนที่"")"
5	"=IMAGE(""https://msp.c.yimg.jp/images/v2/FUTi93tXq405grZVGgDqG7Nl8NPWUjOSXbEzJJqdxSUWCf3XaaGffvKJxg95bLmUriZKQtp5cREo_WJ0Dr5LoEe4lBqEzk-JFX3Rj9ltfZmUXSGLp35zCRrXgMQt-0ahpxk6TduD-mOLk-MSssURZrmWnhkYoHDRX1J6n_7qje1yXs7jlN5lqDjAfuj7GieH2RV-xR6AtIptG8jET0uCt4r136v2cyGVq9WrFU9CtaPoGP0Uyn4eglgG_zNkSt-0B0MlryWFWjVGJtDpvxqfBJfsxOSccTX7apDTzMm-b4I=/s_0n89.jpg"")"	Tokyo	Tokyo Station / Yaesu	Wagyu Itto Yakiniku Bouya (和牛一頭焼肉 房家 東京駅店)	ร้านอาหาร	ปิ้งย่างเนื้อวากิว A5 (Wagyu Yakiniku)	11:00 – 23:00	เซ็ตเนื้อวากิว A5 รวมส่วนพิเศษ 4-6 ชนิด, ลิ้นวัวย่างเกลือ, ยำเนื้อดิบยุกเกะ (โซน Kurobei Yokocho)		"=HYPERLINK(""https://www.google.com/maps/search/?api=1&query=35.6824223,139.7680771&query_place_id=Wagyu%20Itto%20Yakiniku%20Bouya%20Tokyo%20Station%20/%20Yaesu"", ""📍 แผนที่"")"
6	"=IMAGE(""https://msp.c.yimg.jp/images/v2/FUTi93tXq405grZVGgDqGwDDSRwFgwEwBOwzT-GeSPQP-exZ-24UX98A_XultMjYWChHXReHsxPT1VI1u0WjThi34Brmjsm34DTaSLNhwAboIPG___tM-vxP5dzPufPfwTKD2Bvh1DUWRdcfAg8xrMviI_Aq2JEKaeaQdv5YXmiB_0GGXnHU1dgclEeB1knOfLGb-WAst5Hz1zhmlUGE3VZfxJJBNAbl6Ib0XcqhbLuWGM1T6TOwou8gkYcl1Dgvs_kUENWp9Y95bdO0FpJaePH9-lO4ti_UJGJni1j0pIY=/osmic-first_01.jpg"")"	Tokyo	Ginza	OSMIC FIRST GINZA SIX店	คาเฟ่ / ขนมหวาน	ขนมหวานและผลิตภัณฑ์จากมะเขือเทศพรีเมียม (Specialty Sweets)	10:30 – 20:30	OSMIC Tomato Princess (มะเขือเทศหวานจัดคัดพิเศษระดับรางวัล), พุดดิ้งมะเขือเทศ, ฟินองเซีย		"=HYPERLINK(""https://www.google.com/maps/search/?api=1&query=35.6697717,139.7639164&query_place_id=OSMIC%20FIRST%20GINZA%20SIX%E5%BA%97%20Ginza"", ""📍 แผนที่"")"
7	"=IMAGE(""https://msp.c.yimg.jp/images/v2/FUTi93tXq405grZVGgDqG7Nl8NPWUjOSXbEzJJqdxSUWCf3XaaGffvKJxg95bLmU3c28qzMK6IDMB0odBGbAPw62bQpkik4MS5nfb5_NngNTZw0tWp2WWt6f_6Pu91MTpxk6TduD-mOLk-MSssURZrmWnhkYoHDRX1J6n_7qje1yXs7jlN5lqDjAfuj7GieH2RV-xR6AtIptG8jET0uCt8VTKFR8K7xxcYmU4n8hI1m5g2qpKVeMDpF0jI3hEdpEeA0ypUH5zE7Ps9zh4C_81qVpIO8Zgx-z8Td6IladOIw=/s_0n7n.jpg"")"	Tokyo	Ginza	Shabusen Ginza Ten (しゃぶせん 銀座店 - EXITMELSA 8F)	ร้านอาหาร	ชาบูชาบู / สุกียากี้หม้อเดี่ยว (Shabu-shabu & Sukiyaki)	11:00 – 22:00	ชุดชาบูเนื้อวากิว/หมูดำคุโรบูตะหม้อเดี่ยว พร้อมน้ำจิ้มงาสูตรเด็ดเสิร์ฟพร้อมข้าวถั่วแดง		"=HYPERLINK(""https://www.google.com/maps/search/?api=1&query=35.670661,139.7640411&query_place_id=Shabusen%20Ginza%20Ten%20Ginza"", ""📍 แผนที่"")"
8	"=IMAGE(""https://msp.c.yimg.jp/images/v2/FUTi93tXq405grZVGgDqGz68sAGD1zBNMdl0xZaNos2GaqsNVswWRIaLwLk4rMCJ2SB6yhSGT0PJOHnlKkRpAyxrOIFiYw7KeFaNeFDx_2AxW31o-pRRh-Kl-v68UUh2GL3ogkAAXJjlH9uMzgjE25HSLSiSZmh1QQlaPeIc9KE_c1eS2BBydxCX8Gd_LB9IxnLFr5kNw_D5h6ivxjC50rFzOZdfiyEjvbJ_dL09lFhHxDW0XD7fF_h2YTmmjEzMDYNtkKwzOMob4_bmrCm4fQ1DcG5iRS59RUqIL8PwtOx3gEyplcmc82TIkYEOkPg1Qpj5enojj-GfkLEBNRaN0q7b0BnTdLCbzPjAtE2nF7gNmHJv2cf0zgWS172JaTmFfq3ZkviQ5He3fo6cz_NzXSTl9CdZvT65wJLMeUFI8fMByZOkyXWV5TTzqae0qr8pg1asyxWWXry6GEa0eJ-NpdkT2udz8XJIB6CeYpIBxN71gM4HpzZr4eq_7h8pzvWy/107332-4-6da4d6bbbd8e152b2adf2b082e65b9c1-1920x1280.jpg"")"	Tokyo	Ginza	Age.3 GINZA (age.3 銀座)	คาเฟ่ / ขนมหวาน	แซนด์วิชขนมปังทอดไส้ครีมทะลัก (Fried Bread Cream Sandwich)	11:00 – 19:00	ขนมปังทอดกรอบไส้วิปครีมล้นๆ ไส้สตรอว์เบอร์รีสด, ชาเขียวมัทฉะถั่วแดง, สลัดไข่		"=HYPERLINK(""https://www.google.com/maps/search/?api=1&query=35.6727584,139.7712945&query_place_id=Age.3%20GINZA%20Ginza"", ""📍 แผนที่"")"
9	"=IMAGE(""https://msp.c.yimg.jp/images/v2/FUTi93tXq405grZVGgDqGyjLKujHDwlDcRjb2N9k-VFq-IDOXlB8iEk-0qbQ2l7agcjldUyeQ0DxEyIJi9SXrIFjGiXHmKYKzYbP4KIP4vRJHYJuX1GZtf3sAgyq4RBQIIH4Xk91Wb0EF1JUqe16JxVvKgoPSXHBAwJFu6oE2sqAIDhEZqJ3eK3HvI6UaYUpq5YPwmbrftXkcMePaRU3-a3N8NE9dNyKbme1I5E0mwgdzrbJBCxTtaBPP_tB9VSqPBFFN8yQ30brwXWd5qnUBvgv-pCemXOIGzuubyiTdpo=/img_kaneda01.jpg"")"	Tokyo	Ginza	Kanadaya (銀座 金田屋 - EXITMELSA 1F)	ร้านขนมหวาน	ไดฟุกุผลไม้หน้าเปิดทรงเครื่องประดับ (Jewelry Fruit Daifuku)	11:00 – 20:00	ไดฟุกุผลไม้สดตกแต่งสวยงามหรูหรา (สตรอว์เบอร์รี, เมลอน, องุ่นไชน์มัสกัต) ผสานครีมชีส		"=HYPERLINK(""https://www.google.com/maps/search/?api=1&query=35.6707242,139.7638483&query_place_id=Kanadaya%20Ginza"", ""📍 แผนที่"")"
10	"=IMAGE(""https://msp.c.yimg.jp/images/v2/FUTi93tXq405grZVGgDqG5dRVgavSm95IcjVI-EQmKwQeWgQLKRPbVDmHCHNY3pnbda94g9mtrkEglUl03i9TxCuksz6MprwSjPtc3QCaYd1B94JmmG5-_MUghANP0ElHhDM_CDNdlimP1lDkdLAQ207n_CYyiKzQ_IAkWZCEJmMEFK9rj0Y7LLyCqdJczYeXGj0Z3M2WZIW-mJveG3_f1YGFhH6RqTC_q1eFRk5JI0vr_6r-P8iXrCWNWBivuitncljD_OMwnxd7CgrJn5u1XQnFsb1C4mDgvy6G9-s5E7XFur8JA9Zv2tfZabpx54_dMy86C31bwpvmgvNBsFMvQ==/bkxAxm4qadmzoMiosWOD7t0qPl6oQa8i6WKEhsL5.jpg"")"	Tokyo	Ginza	PUDDING LAB Ginza (プリン研究所 銀座店 - EXITMELSA 1F)	ร้านขนมหวาน	พุดดิ้งไฮเอนด์พรีเมียม (Craft Pudding Specialty)	11:00 – 20:00	Matcha Pudding Ouka (พุดดิ้งมัทฉะเกรดสูงสุดเข้มข้นลึกซึ้ง), Vanilla Pudding พร้อมซอสเลือกได้ 12 ชนิด		"=HYPERLINK(""https://www.google.com/maps/search/?api=1&query=35.6706959,139.7639323&query_place_id=PUDDING%20LAB%20Ginza%20Ginza"", ""📍 แผนที่"")"
11	"=IMAGE(""https://msp.c.yimg.jp/images/v2/FUTi93tXq405grZVGgDqG7vtJUceQEiwasVKtK4sWxJTiIZpHWft1gaapBRvhasFuwNYhJWONbfDzNNbG221Ga55tyXvbbOH7zw0ezlzwMab8LZkS-4h96mr1myQbEx50XI1yJjmoTtyOXt7bTh-h2hOPlvbjxAe-g_GQ_t4p8zsa2BubRRuZFTAByVzVZA4FFI0H60s9xKE4wh50HOVS8tPNbmWvJQ7sHXMt70TEoYPOVmTeExKpC9B6RcgHFKY_deDvhxWXrAPecPHwlR4pQPPlI0f2lfr7RKifvB7myQFU9FE7NO8WxTHSrs86Uu5/d4cdf50928856ec61e571f53730eb7e1.jpg"")"	Tokyo	Ginza	HIIRAGI Ginza (銀座 柊)	ร้านขนมหวานญี่ปุ่น	ขนมไทยากิแป้งบางกรอบ (Taiyaki)	11:00 – 19:00	Taiyaki แป้งบางกรอบนานเป็นพิเศษ สอดไส้ถั่วแดงกวนหวานนุ่ม, ขนมปังเนยไทยากิ		"=HYPERLINK(""https://www.google.com/maps/search/?api=1&query=35.669256,139.7646987&query_place_id=HIIRAGI%20Ginza%20Ginza"", ""📍 แผนที่"")"
12	"=IMAGE(""https://msp.c.yimg.jp/images/v2/FUTi93tXq405grZVGgDqG7Nl8NPWUjOSXbEzJJqdxSUWCf3XaaGffvKJxg95bLmUrAI5N_gadbXRIgAaOy2GwuJrDFh5nDHAIIEY0hQCkZGxdg9GtgmlqaMkHND3icu9pxk6TduD-mOLk-MSssURZrmWnhkYoHDRX1J6n_7qje1yXs7jlN5lqDjAfuj7GieH2RV-xR6AtIptG8jET0uCt_jW55jlaW6h6au5-PIU6LT5QB-M6vdLuecluMI5Un4H4z-3LqkTI5sRt1k8imEhD9C4-41NimlSZy9Y1qeG9SQ=/s_0n6a.jpg"")"	Tokyo	Ginza	Seafood Buffet Dining Ginza Happo (銀座八芳)	ร้านอาหาร / บุฟเฟต์	บุฟเฟต์ซีฟู้ด ปูยักษ์ ซูชิ เนื้อย่าง (Seafood Buffet)	11:30 – 15:00 / 17:00 – 22:30	บุฟเฟต์ขาปูยักษ์ทาราบะและซูไวคานิไม่อั้น, ซูชิปลาดิบสด, หอยเชลล์ย่างเนย, เนื้อวากิว		"=HYPERLINK(""https://www.google.com/maps/search/?api=1&query=35.6672123,139.7618203&query_place_id=Seafood%20Buffet%20Dining%20Ginza%20Happo%20Ginza"", ""📍 แผนที่"")"
13	"=IMAGE(""https://msp.c.yimg.jp/images/v2/FUTi93tXq405grZVGgDqG7vtJUceQEiwasVKtK4sWxIvOfeFulQ-k6a-45h5F6hG8c77w0hBh7cS1_H9UuW6hHGTXiIT8MdWqn5N7OSMyY38M2ygpOxYYFwtBcWaKhwd0tEHkniEVuuX5g5x6Syvlwq6xhDPwHxbn3xDSoG_L7vtdEtoQEWPm1TfnXZOoUmglcjt2UlXOapzxdYBY5PT80aVyPM2oMOzO7OqapMlEaA9x2d053i6yqs_-C4nX2J5mccrn3nn-eS7Wx-zgNy5oVwBKV_l2dBFBe7ZOHMRrd1dgfwXWPyS-8co5h8YacY3Ia4xBDI5vFfo39weoVxh1LmmEu9i14_1Kz4v2MQ7eIGN1oB7zPiP6khl2bSnArqv/8d9c7b3efee49a30985eaf6c6d96c167.jpg"")"	Tokyo	Ginza	USHIGORO S. GINZA (うしごろ エス 銀座)	ร้านอาหาร Fine Dining	เนื้อย่างยากินิกุห้องส่วนตัวระดับอัลตร้าลักชัวรี (Wagyu Yakiniku)	12:00 – 15:00 / 17:00 – 23:30	คอร์สเนื้อวากิวสายพันธุ์ทาจิมะแท้ มีเชฟย่างให้ส่วนตัว, ข้าวหม้อดินเนื้อวากิวทรัฟเฟิลดำ		"=HYPERLINK(""https://www.google.com/maps/search/?api=1&query=35.6693111,139.7620223&query_place_id=USHIGORO%20S.%20GINZA%20Ginza"", ""📍 แผนที่"")"
14	"=IMAGE(""https://msp.c.yimg.jp/images/v2/FUTi93tXq405grZVGgDqG1PSDa2zmdLNp6U4d6KT7zeezi-0K5p7P4kZfzywv8PcSxkXxJY-gxu0pc7GOXS291P0hhOKE0WV02xp8COfSD8pG5KoyrMAI7gVWIkYk5LOlc7mt3ODI6AwMJ4Aoiv-l1hVdNPn8GJF1JZ-hY_3KcgUoqWY_01Bz8PNJo-LYZ-rpqSCl-qnQczZlvvXgS9_1YNP3bmd6CZw2KRPEeViWut0IiSXXbdxqoaDi0DUZu4KjPT6R0qFMrW8bMELt_zBQA==/1378w.jpg"")"	Tokyo	Ginza	Quil Fait Bon Grand Maison Ginza (キルフェボン グランメゾン銀座)	คาเฟ่ / ขนมหวาน	ทาร์ตผลไม้สดพรีเมียม (Fresh Fruit Tart)	11:00 – 19:00	Seasonal Fresh Fruit Tart (ทาร์ตผลไม้รวมสดตามฤดูกาล), ทาร์ตสตรอว์เบอร์รีสีขาว, ทาร์ตชีสมัทฉะ		"=HYPERLINK(""https://www.google.com/maps/search/?api=1&query=35.6740612,139.767203&query_place_id=Quil%20Fait%20Bon%20Grand%20Maison%20Ginza%20Ginza"", ""📍 แผนที่"")"
15	"=IMAGE(""https://msp.c.yimg.jp/images/v2/FUTi93tXq405grZVGgDqG1Xdm7uvCnNAK5OR_dwB1p552L9A1sucPO1LPvY6srqLFN3_6uZiwQeFV64wsHT2z41IcP48XBk3Vm-HG74Tg9UX8AX3qh-9DSXgfibyHETgrtvQGdN0sJvM-MC0TacXuA2Ycm_Zx_TOBZLXvYlpOYV-rdmS-JDkd7d-jpzP83Nd7gzqkB710AsYpwYApkhl2hqwcLyWA5JH0az2sIemvDJecWnWkjBG_Mcw3EbF3GQ0xnDUQJjaAtV2OvNYM2_VRRTQQbzQ0p4caWkyaSELo94=/5033_top2-728x360.jpeg"")"	Tokyo	Ginza	Kakuōzan Furūtsu Daifuku Benzaiten (覚王山フルーツ大福 弁才天 銀座店)	ร้านขนมหวาน	ไดฟุกุผลไม้สดทั้งลูก (Fruit Daifuku)	10:00 – 19:00	ไดฟุกุส้มแมนดารินทั้งลูก, ไดฟุกุสตรอว์เบอร์รี, ไดฟุกุกีวี (มีเส้นด้ายไหมให้ตัดโชว์หน้าตัดสวยงาม)		"=HYPERLINK(""https://www.google.com/maps/search/?api=1&query=35.6701838,139.7679059&query_place_id=Kaku%C5%8Dzan%20Fur%C5%ABtsu%20Daifuku%20Benzaiten%20Ginza"", ""📍 แผนที่"")"
16	"=IMAGE(""https://msp.c.yimg.jp/images/v2/FUTi93tXq405grZVGgDqG6u5jVo0vzuJ9qJdxqwJa2YqPcnqkZ86ZnYCYnXJs7mi2hie4ZNxC4l5-31foPUz644x6iybk7C3UB_GmTbK90ke2u4QRpieN6CLl7ScxY-5o8LKF6AjTRFPEJVogbdhDv4mxuUZYmlqg83lCUvBzGt3ZThxQVSSX3ufNQ7XrTK6P9BRdGb6MY4vF0HYTZemqvOPPCTpGmqzrkESM7LDtWbgGFSU1Zq2h3_n2GICVkaGhP9Jr9nYWBWL7kC9IzaqD_2_13-MTANHwrSyrLXWeNA=/20210707_centre_the_bakery_021.jpg"")"	Tokyo	Ginza	Centre The Bakery (セントル ザ・ベーカリー 銀座)	คาเฟ่ / เบเกอรี่	ขนมปังปอนด์โชคุปังพรีเมียม (Shokupan & Sandwiches)	10:00 – 19:00	Shokupan Tasting Set (เปรียบเทียบขนมปัง 3 แบบพร้อมปิ้งเองที่โต๊ะ), หมูทอดคัตสึแซนด์		"=HYPERLINK(""https://www.google.com/maps/search/?api=1&query=35.6755334,139.7665952&query_place_id=Centre%20The%20Bakery%20Ginza"", ""📍 แผนที่"")"
17	"=IMAGE(""https://msp.c.yimg.jp/images/v2/FUTi93tXq405grZVGgDqG3jbO7-ozP2Gir5cLMGSrl3F0jl4hJJZruf_wu7OAJwj0cW6Y8MtoHk7llzATicOptjMJtOLp9z2-BNnUhrUvAPin4pQcOE3S2D20dUbQ18WKtWuGQLpXHMQug7KhEJ_MfF6SRVIsJ_NbxYiLv_-eMn-jO3iN4wLtyHYDxKaqgBiTiurRrSMZew9xAniFKagn3s3dayHIEhnZSuj5ftsZttoaUIZ2Ekn8XvWuTgwdjB_N5cw4Byauio877yfNPf7ifAH49WHEccVQUwCPuflEfDg4nbJIh-WFDKdUj53Yyg1/IMG_6536-scaled-e1684751062333.jpeg"")"	Tokyo	Ginza	Kaitenzushi Nemuro Hanamaru Ginza (根室花まる 銀座店)	ร้านอาหาร	ซูชิสายพานฮอกไกโด (Conveyor Belt Sushi)	11:00 – 22:00	ซูชิหอยเชลล์โฮตาเตะหวานสดชิ้นโต, ซูชิไข่ปลาแซลมอนพูนๆ, ซุปปูฮันซากิ (Tokyu Plaza 10F)		"=HYPERLINK(""https://www.google.com/maps/search/?api=1&query=35.6722448,139.7624127&query_place_id=Kaitenzushi%20Nemuro%20Hanamaru%20Ginza%20Ginza"", ""📍 แผนที่"")"
18	"=IMAGE(""https://msp.c.yimg.jp/images/v2/FUTi93tXq405grZVGgDqG7vtJUceQEiwasVKtK4sWxJTiIZpHWft1gaapBRvhasFuwNYhJWONbfDzNNbG221Gbuf1Q0mmoaxJ0LR7-KDvAplNA6PrROxN_QbYy5JqwUV-vY-Zw-5cjcylNVAlIBTFvrDYaLUUV7T5FZPns5j1tGbrON8lJN_OKdGbKWMP1ONeJgfTJn6AYXOtCRwRmXl-_lZSpQAGnzxawGyms0q20eh5ZeEgiXBO2NVHRdREloSYrjynFjl7fA2IVKTtkLVkQlURtuIGJjeCgfnIqC_THkOnffbhl1Z2FPWquG3-z-Tew1Cy4ZkfK6u--L1V_3hKA==/640x640_rect_4ea463bdde798ecb4ff3c8c093cea5c8.jpg"")"	Tokyo	Ginza	Cloud Club Matcha (クラウドクラブ 抹茶 銀座)	คาเฟ่	เครื่องดื่มมัทฉะและขนมหวานชาเขียว (Matcha Specialty)	11:00 – 19:00	Cloud Matcha Latte (มัทฉะเกรดพิธีการพร้อมฟองนุ่มละมุน), พุดดิ้งชาเขียวมัทฉะเข้มข้น		"=HYPERLINK(""https://www.google.com/maps/search/?api=1&query=35.6703058,139.7698228&query_place_id=Cloud%20Club%20Matcha%20Ginza"", ""📍 แผนที่"")"
19	"=IMAGE(""https://msp.c.yimg.jp/images/v2/FUTi93tXq405grZVGgDqG6di4gXZKaxTxhxYj1CXUOYWs7ZQeT2PnU_xp6QF6URJiz42lfS72b7al6KLMxS9Vyytq2mOJvLrTe79tiNKJvnpCepd71ZtAxwl8ZIrLHyuh1bDznyTi8_XOMDlzvDErEZyt80CQkZMNclhQVPrcmr7tkC_oEPU79MLQCtHDOY0IIH4Xk91Wb0EF1JUqe16JxVvKgoPSXHBAwJFu6oE2sqAIDhEZqJ3eK3HvI6UaYUpq5YPwmbrftXkcMePaRU3-W0NRgc3OYm4tj-OdUUlOcUwQ_gHkZevOOs6r_q6j84rGLEo6RHIO_tCUJWAs8RAkTIkKvIA4GIcITE3IzXOhpU=/845415-l0101.jpg"")"	Tokyo	Ginza	Tonkatsu Ginza Bairin Honten (銀座梅林 本店)	ร้านอาหาร	ทงคัตสึหมูทอดในตำนาน (Historic Tonkatsu ตั้งแต่ 1927)	11:00 – 21:00	Special Hirekatsu (ทงคัตสึสันในพิเศษกรอบนอกนุ่มฉ่ำ), Special Katsudon ไข่เยิ้ม, คัตสึแซนด์		"=HYPERLINK(""https://www.google.com/maps/search/?api=1&query=35.6695863,139.7627483&query_place_id=Tonkatsu%20Ginza%20Bairin%20Honten%20Ginza"", ""📍 แผนที่"")"
20	"=IMAGE(""https://msp.c.yimg.jp/images/v2/FUTi93tXq405grZVGgDqG7vtJUceQEiwasVKtK4sWxJTiIZpHWft1gaapBRvhasFuwNYhJWONbfDzNNbG221GewRSfzi941-qPermov32OOiKxR9QaSzrWsAyy1i5iicKoPjnLbRhb_Jc089x0UiwunthZhP_Y1UOyVHbambzHSbrON8lJN_OKdGbKWMP1ONeJgfTJn6AYXOtCRwRmXl-_lZSpQAGnzxawGyms0q20eh5ZeEgiXBO2NVHRdREloSty1RtVsVmWaLxHImuPv0p3zgeqeQwZYeBJbupzm6p_vkNKq-mS78-GX2r1UoVr08Rh7v7pY8qPpKmfR0rImH3g==/640x640_rect_35466440cfe8136df66377ffc87870f2.jpg"")"	Tokyo	Ginza	Ginza Tenkuni (銀座 天國 本店)	ร้านอาหาร	ข้าวหน้าเทมปุระเอโดะ (Historic Tempura ก่อตั้ง 1885)	11:30 – 22:00	Edomae Tendon (ข้าวหน้าเทมปุระรวมซอสเข้มข้นหอมกรุ่นสูตรโบราณ), เทมปุระกุ้งลายเสือทอดสด		"=HYPERLINK(""https://www.google.com/maps/search/?api=1&query=35.6676662,139.7628011&query_place_id=Ginza%20Tenkuni%20Ginza"", ""📍 แผนที่"")"
21	"=IMAGE(""https://msp.c.yimg.jp/images/v2/FUTi93tXq405grZVGgDqGxX47MfAz-y7L5zC73gMzKVI9O8jMpFIO-r-2eAW_aXZbdeJh2e7mGISNlw52ERi5PAL5wig6a4mGmPJlc-5VF6Wd_3e3Lfz0zn-1hmt4TRKHZeX2zkQU6aiUgVvMbImsaH14VFizqmLlVCmFW_QuopeQCJBebn62rzScXBE0l1UMmZzRHYjrWEhlKIFHNRX7zK6ORpzPf7OFpD40n_M3-zLRyATXASUlp41zBDZjaDkDnhnNqhuFAMc4N7yID0LcZIxEqadtf6-tqgGcGGdoPvPa5yNqqBBdPRaCViq80wUbeVni1PaQnL273boCtotSvKOs0HD2JdbiAMZL40A1VI=/80d17691-a6fd-4c7c-b697-1e9bc92a8c9d.jpg"")"	Tokyo	Tokyo Station / Yaesu	Sumiyaki Unafuji (炭焼 うな富士 東京ミッドタウン八重洲店)	ร้านอาหาร	ข้าวหน้าปลาไหลย่างถ่านสไตล์นาโกย่า (Michelin-listed Hitsumabushi)	11:00 – 22:00	Jyo Hitsumabushi (ฮิตสึมาบุชิปลาไหลย่างเตาถ่าน 3 สไตล์), ตับปลาไหลย่างเตาถ่านหอมกรุ่น		"=HYPERLINK(""https://www.google.com/maps/search/?api=1&query=35.6794084,139.7689311&query_place_id=Sumiyaki%20Unafuji%20Tokyo%20Station%20/%20Yaesu"", ""📍 แผนที่"")"
22	"=IMAGE(""https://msp.c.yimg.jp/images/v2/FUTi93tXq405grZVGgDqG-Bd7WfZVnFnM15Po707LUsY7suobAlp-fyfIxP2frLequvZ8S2mYYonlcSRk04eriJKRyhvz05uJDgQjaKHJyc6SqT1wTVEdG02-WxN-nxamQN858BYVr2v4fyoJ_1by267WZIPvhlRwEV-WsvQ-OOnGTpN24P6Y4uT4xKyxRFmuZaeGRigcNFfUnqf_uqN7XJezuOU3mWoOMB-6PsaJ4fZFX7FHoC0im0byMRPS4K3xACQ-7MqEWuyH2i0Yuk2-m1o8G_h-N7ZUDB4GHydSKmvrj6yLA1h0eCptAERZxghSUN9h9Xc4EjjdQl_WeWiUQ==/o0960096014661762429.jpg"")"	Tokyo	Shibuya / Ginza	Ginza Kanra (銀座甘楽 - Shibuya Scramble Square B2)	ร้านขนมหวานญี่ปุ่น	ขนมหวานญี่ปุ่นดั้งเดิม วากาชิ (Traditional Wagashi)	10:00 – 21:00	Ginga Mame Daifuku (ไดฟุกุถั่วแดงแป้งนุ่มหนึบตัดเกลือพอดีอันโด่งดัง), โดรายากิไส้ถั่วแดงเนียน		"=HYPERLINK(""https://www.google.com/maps/search/?api=1&query=35.6584638,139.7022621&query_place_id=Ginza%20Kanra%20Shibuya%20/%20Ginza"", ""📍 แผนที่"")"
23	"=IMAGE(""https://msp.c.yimg.jp/images/v2/FUTi93tXq405grZVGgDqG8Q724yY7aOyauhX_O0sPgPNitauR1QKUznRabWX1G3aU8dENrLqk9ZGMo22TXqKzUs4hsYneTDShlW2zvjd3_-4BkbReu_ixY3Y_KFm4J13LAHD5JCjpiUOTODuec_HAUqziG--IQu9-QD00MHIee-5yBl7y-V295AXd9OmbSTfCHT4POPSzuaXzIUQYTX30vsB0l7aAEPVB_CuFhzFsuUtMJKJfqmFoSmy_xRfelMp6tvYgpPfMGQ0fsOajeLb7PSS633UmDwXhdGti94DE1s=/1b8e3e4e49f18530.jpg"")"	Tokyo	Tokyo Station / Marunouchi	BUTTER - Biei Pasture Dairy Farm (丸の内ビル B1)	คาเฟ่ / เบเกอรี่	เนยสดและผลิตภัณฑ์นมฮอกไกโด (Biei Hokkaido Butter Cafe)	11:00 – 21:00 (อาทิตย์ปิด 20:00)	Butter Pancake แพนเค้กชุ่มเนยสดเกรดพรีเมียมจากฟาร์มบิเอะ, Biei Milk Soft Serve		"=HYPERLINK(""https://www.google.com/maps/search/?api=1&query=35.6807194,139.7636391&query_place_id=BUTTER%20-%20Biei%20Pasture%20Dairy%20Farm%20Tokyo%20Station%20/%20Marunouchi"", ""📍 แผนที่"")"
24	"=IMAGE(""https://msp.c.yimg.jp/images/v2/FUTi93tXq405grZVGgDqGw74Suq8W2MnAojZvzozrqJI8USLltxh2Xz6bzl1is348PGsy464nmXIqRCUtEOjdVEpc-5mr6H46Juw6IfTUEfP0VrT5B5kIgLpV8v8Ug3Nyvhdt3MOFvRPfSGQtdvqz0aVyPM2oMOzO7OqapMlEaA9x2d053i6yqs_-C4nX2J5mccrn3nn-eS7Wx-zgNy5oVwBKV_l2dBFBe7ZOHMRrd3KeiCChNXKZyh_c9uhdgNOjRxkUn61G-RHWtK0Xc9YoXDCQEmxlt6eHIX_8dCFkLA1P98wdgeqna9GRk7dCY5x/31930.jpg"")"	Tokyo	Ginza	Ginza Tsuboyaki-imo (銀座 つぼやきいも)	ร้านขนมหวาน	มันหวานญี่ปุ่นเผาโอ่งดินเผา (Tsubo Roasted Sweet Potato)	12:00 – 22:00 (เสาร์-อาทิตย์ถึง 19:00, ปิดจันทร์)	Tsubo Yaki-imo (มันเผาหวานฉ่ำเนื้อเนียนเยิ้มคาราเมล ละลายในปาก)	มันหวาน	"=HYPERLINK(""https://www.google.com/maps/search/?api=1&query=35.6697495,139.7620837&query_place_id=Ginza%20Tsuboyaki-imo%20Ginza"", ""📍 แผนที่"")"
25	"=IMAGE(""https://msp.c.yimg.jp/images/v2/FUTi93tXq405grZVGgDqG9xX3MH5qFi8wMB_Qy81b-9Kj7eZRUzaQ0L6PYfusniIPfwnJyW1wBQ6HqJ-uYdk4luQk2t9HX6HloWTvJVNWAKKTMYYN7AwqAqDewh-wRZVl2Gx4cq2xjNWCUXRh1i49pYih2M4xcmNNiDm6PgyEUQrSMGKpfZPrWZ5zp87kM0JLAHD5JCjpiUOTODuec_HAUqziG--IQu9-QD00MHIee-5yBl7y-V295AXd9OmbSTfCHT4POPSzuaXzIUQYTX30vioJS0ObeMkws7e36zvPt6ftU5TKo5W2_e1lbTwAw85o6qhSJlG5Qde6yg4-VvIb6Vdl134E3RC6ZEhvXWfM98=/title-1773105932398.jpeg"")"	Osaka	Shinsaibashi / Minamisenba	Mugi x Tori (麦×鶏 - มูกิ โทะ โทริ)	ร้านอาหาร	ราเมนซุปไก่ฟองฟูและเมนไทโกะ (Chicken Paitan Ramen)	11:00 – 15:00 / 18:00 – 21:30	Mentaiko Paitan Ramen (ราเมนฟองโฟมซุปไก่เข้มข้นผสมไข่ปลาเมนไทโกะ)	ราเมนเมนไทโกะอร่อย	"=HYPERLINK(""https://www.google.com/maps/search/?api=1&query=34.6779054,135.5025021&query_place_id=Mugi%20x%20Tori%20Shinsaibashi%20/%20Minamisenba"", ""📍 แผนที่"")"
26	"=IMAGE(""https://msp.c.yimg.jp/images/v2/FUTi93tXq405grZVGgDqG7vtJUceQEiwasVKtK4sWxJTiIZpHWft1gaapBRvhasFuwNYhJWONbfDzNNbG221GQPBhiS0iUjfhVHjqBUUAAAJ1M-yTlfmOE8vswGydb_Zg_U8uTrwEwgYIWvknn0KgTZzlmySsX5jJBVizTVSUISbrON8lJN_OKdGbKWMP1ONeJgfTJn6AYXOtCRwRmXl-_lZSpQAGnzxawGyms0q20eh5ZeEgiXBO2NVHRdREloSYWkSMaUHRtGvreV9rdKQPZvFt3H06FS6LtlXcqtH5E_Ao8zEKY3ZuPlbLh0FJ4405U-01uuoQMON78gxM6GN1g==/640x640_rect_94d1c2ace847119852e5f0e570556f14.jpg"")"	Osaka	Nakazakicho / Umeda	mitarashi Fu-Do NAKAZAKI カフェ	คาเฟ่ / ขนมหวาน	ดังโงะย่างซอสหวานเค็มญี่ปุ่น (Mitarashi Dango Cafe)	11:00 – 18:00 (ปิดวันพุธ)	Mitarashi Dango (ดังโงะย่างสดร้อนๆ ซอสหวานเค็มยืดๆ นุ่มหนึบ), ชาเขียวมัทฉะ		"=HYPERLINK(""https://www.google.com/maps/search/?api=1&query=34.7085983,135.5031664&query_place_id=mitarashi%20Fu-Do%20NAKAZAKI%20%E3%82%AB%E3%83%95%E3%82%A7%20Nakazakicho%20/%20Umeda"", ""📍 แผนที่"")"
27	"=IMAGE(""https://msp.c.yimg.jp/images/v2/FUTi93tXq405grZVGgDqG7EWq3gkaBV51Iq32TvAcGrFGJLYXPsvUcTXV7P3YYThZwu87gLpK7_7hD_Dhrd1QjTMrw7uengXSBCXf9nehH_R6m8wlM9kJ9Z_JD2kZzEigCQXXzo3YizRu-J61WbzNqcZOk3bg_pji5PjErLFEWa5lp4ZGKBw0V9Sep_-6o3tcl7O45TeZag4wH7o-xonh9kVfsUegLSKbRvIxE9LgrcQdgEq659wIeEdhIsHE8gsq0IOUNuA9J5axz37AwWSf197J5y94jo4ilHfebMKua8BX4ercQsWK6hCCLswbvmY/20240519211031.jpg"")"	Osaka	Shinsaibashi / Minamisenba	Onigiri Gorichan (おにぎり ごりちゃん 心斎橋店)	ร้านอาหาร	ข้าวปั้นโอนิกิริทำสดไส้ล้น (Handmade Onigiri)	11:00 – 20:00	โอนิกิริไส้แซลมอน+ไข่ปลาแซลมอน (Sake Oyako), ข้าวปั้นไข่แดงดองโชยุหมูสับ		"=HYPERLINK(""https://www.google.com/maps/search/?api=1&query=34.6758595,135.5021961&query_place_id=Onigiri%20Gorichan%20Shinsaibashi%20/%20Minamisenba"", ""📍 แผนที่"")"
28	"=IMAGE(""https://msp.c.yimg.jp/images/v2/FUTi93tXq405grZVGgDqG7vtJUceQEiwasVKtK4sWxJTiIZpHWft1gaapBRvhasFuwNYhJWONbfDzNNbG221GRIlPKorEwqYW2GFdc60BKMXMxlckK7Z5sq_jVExRemc7M8wm2RDU82vmIFN1Pv4RYVsWppXN31FUKYPTlY68-0UMdFe7X7o07KLkKqviYPiGk7Z1olRbzJnj0EY3vHGY49n8Erjxr1IdIu767yQLXQHdLwlJpHH1r2sngdmTY6px07PCpiKbh8vfh8WSvSW95PiBRlFmTbFMNj19BV2J_w=/640x640_rect_72961181.jpg"")"	Osaka	Namba	Gokai Standing Sushi Bar Namba Nankaidori (豪快立ち寿司 難波南海通り店)	ร้านอาหาร	ซูชิยืนกินหน้าล้นจาน (Standing Sushi Bar)	11:30 – 23:00	Uni & Ikura Kobore Sushi (ซูชิหน้าไข่หอยเม่นและไข่ปลาแซลมอนล้นทะลักจาน), ซาชิมิมากุโระ		"=HYPERLINK(""https://www.google.com/maps/search/?api=1&query=34.6651866,135.5023056&query_place_id=Gokai%20Standing%20Sushi%20Bar%20Namba%20Nankaidori%20Namba"", ""📍 แผนที่"")"
29	"=IMAGE(""https://msp.c.yimg.jp/images/v2/FUTi93tXq405grZVGgDqG7EWq3gkaBV51Iq32TvAcGrFGJLYXPsvUcTXV7P3YYThZwu87gLpK7_7hD_Dhrd1Qp1geTlW2Oo4vh8qhAjs9MTNqVmOuyyrECWK5AUNQs_zqRGgz3y6avl0ZG755h72gEaVyPM2oMOzO7OqapMlEaA9x2d053i6yqs_-C4nX2J5mccrn3nn-eS7Wx-zgNy5oVwBKV_l2dBFBe7ZOHMRrd2d0BPfWQOJkicYTioz4zYvkwoq6YTv9ZCEyDb0N6mKL7VSfhSb3egxC7XyrhiqhBYArRKHCPLFk6T8_1s3sOFT/20250827174800.jpg"")"	Osaka	Umeda	grenier Umeda (グルニエ 阪急グランドビル 1F)	คาเฟ่ / เบเกอรี่	มิลเฟยกรอบครีมเบิร์นไฟ (Brulee Mille-Feuille)	10:00 – 20:00	Brulee Mille-Feuille (พัฟมิลเฟยกรอบกรุบสอดไส้คัสตาร์ดเบิร์นไฟหอมกรุ่น), มิลเฟยสตรอว์เบอร์รี		"=HYPERLINK(""https://www.google.com/maps/search/?api=1&query=34.7035422,135.4991909&query_place_id=grenier%20Umeda%20Umeda"", ""📍 แผนที่"")"
30	"=IMAGE(""https://msp.c.yimg.jp/images/v2/FUTi93tXq405grZVGgDqGxBWVYx_82IVmgfxG-8YoDZPhJIloU0fFnLRFOxXF12oJgBn08V77MAiHpZvoOUbcGEgIkYTnfEiHENmipD7idrfLkeOcFyyhjlMB8d1veFIPSLgG9e05exEQypEMyxFHkaVyPM2oMOzO7OqapMlEaA9x2d053i6yqs_-C4nX2J5mccrn3nn-eS7Wx-zgNy5oVwBKV_l2dBFBe7ZOHMRrd3K-zXT7KSTBZfieKKdRafilWJLT1sRpm-qecetQ_J2cf4_qfj-iCJxRP9pA3vyHyugow8YJXOY8gh4feGD98m_/3739547.jpg"")"	Osaka	Umeda / Nishi-Umeda	Shabutei Nishi Umeda (しゃぶ亭 西梅田店)	ร้านอาหาร	ชาบูชาบูหม้อเดี่ยว (Individual Shabu-shabu)	11:00 – 15:00 / 17:00 – 23:00	น้ำจิ้มงาสูตรลับบดสดรสชาติหอมมันเข้มข้น, ชุดเนื้อวากิวและหมูคุโรบูตะสไลซ์บางนุ่ม		"=HYPERLINK(""https://www.google.com/maps/search/?api=1&query=34.6992842,135.4952294&query_place_id=Shabutei%20Nishi%20Umeda%20Umeda%20/%20Nishi-Umeda"", ""📍 แผนที่"")"
31	"=IMAGE(""https://msp.c.yimg.jp/images/v2/FUTi93tXq405grZVGgDqG_omiYkNVym1Sd6g5T38MuTBDc4e9p3cTQ3M1cJm6kfTUUs_xEtwcWFFS7LwEHrnJnqaCkyP0eBIGcUKCQFK2bkJ8f4C5g80Hc4kWVdiOGrkRpXI8zagw7M7s6pqkyURoD3HZ3TneLrKqz_4LidfYnmZxyufeef55LtbH7OA3LmhXAEpX-XZ0EUF7tk4cxGt3eNMACFJtHWZ-zEuODM9_LhC6uQMUjP6kbIX18Jz_ultMUxjmCDAa3Hw81Dgc6GxOJroDbwiKjT8Vu25bOaIMDQ=/29M7dQkc_400x400.jpg"")"	Osaka	Shinsekai	Magic Cafe & Bar Shinsekai (マジックカフェ＆バー 新世界)	คาเฟ่บาร์ / ความบันเทิง	เครื่องดื่ม ค็อกเทล และโชว์มายากลระยะประชิด (Magic Bar)	13:00 – 23:00	โชว์ Close-up Magic ระยะประชิดสุดตื่นตาตื่นใจ พร้อมเครื่องดื่มค็อกเทลและม็อกเทล		"=HYPERLINK(""https://www.google.com/maps/search/?api=1&query=34.6504725,135.5065096&query_place_id=Magic%20Cafe%20%26%20Bar%20Shinsekai%20Shinsekai"", ""📍 แผนที่"")"
32	"=IMAGE(""https://msp.c.yimg.jp/images/v2/FUTi93tXq405grZVGgDqG_GwMB2BxZcA7xqJG08HXLv_EsI9rI5aZS4mTPuRWH3r__eS97ZrPBNsqw2hpzrhPvb5RQK0SHfiNfvo_op0wXFxgtBbyQxHhrV7c3Fy7Yxi4zdveCHgguEoXr8hANNyU0aVyPM2oMOzO7OqapMlEaA9x2d053i6yqs_-C4nX2J5mccrn3nn-eS7Wx-zgNy5oVwBKV_l2dBFBe7ZOHMRrd2GT_uPLpKLcIdCNO_2UnWuYFkBaTU8Mr24tQdkSj6Fw3Wnot7RPgLBqVfaTtnrxvzGazdyqlKc3am4TpB3rdSf/33140249.jpg"")"	Osaka	Nakazakicho	neel nakazakicho (คาเฟ่ นีล นาคาซากิโจ)	คาเฟ่	เครปฝรั่งเศส คัตสึแซนด์ กาแฟ (Boutique Cafe)	10:00 – 20:30	Sugar Butter Crepe (เครปเนยน้ำตาลกรอบนอกนุ่มหนึบทรงสามเหลี่ยม), Katsu Sando ลูกแพร์		"=HYPERLINK(""https://www.google.com/maps/search/?api=1&query=34.7087745,135.5034573&query_place_id=neel%20nakazakicho%20Nakazakicho"", ""📍 แผนที่"")"
33	"=IMAGE(""https://msp.c.yimg.jp/images/v2/FUTi93tXq405grZVGgDqG-Bd7WfZVnFnM15Po707LUsY7suobAlp-fyfIxP2frLemtbhFVl9YR5STIaq-K3lJpvhdAU9In4KuWXAdn8D5WmtCAngGD-6cWb1-eiu7yKbF5PtyXXde1C_i1G1uV9bp1P0hhOKE0WV02xp8COfSD8pG5KoyrMAI7gVWIkYk5LOlc7mt3ODI6AwMJ4Aoiv-l1hVdNPn8GJF1JZ-hY_3KcizzGYoPsfI5sEljjklethINrF6Y9vWQpBDd2vJfgwGz4wHQB-x-wvgFyyk0A3xMkieCt_ZSsu_B-GeSc5gcs7y9YDOB6c2a-Hqv-4fKc71sg==/o1040078015418564612.jpg"")"	Osaka	Umeda	Unagi Kushiyaki Izumo (うなぎ 串焼き いづも ルクアバルチカ)	ร้านอาหาร	ข้าวหน้าปลาไหลและเสียบไม้ย่าง (Unagi Restaurant)	11:00 – 23:00	Unatama Don (ข้าวหน้าปลาไหลชิ้นโตวางบนไข่ม้วนดาชิยักษ์พูนชาม) ห้าง LUCUA B2F	ข้าวหน้าปลาไหล อร่อย	"=HYPERLINK(""https://www.google.com/maps/search/?api=1&query=34.703138,135.4954255&query_place_id=Unagi%20Kushiyaki%20Izumo%20Umeda"", ""📍 แผนที่"")"
34	"=IMAGE(""https://msp.c.yimg.jp/images/v2/FUTi93tXq405grZVGgDqG7vtJUceQEiwasVKtK4sWxJTiIZpHWft1gaapBRvhasFuwNYhJWONbfDzNNbG221GSB8J7tB9ZrqTtvRpHS-boGBVvtB3F0IlbZ4Z9uj8zTU-QK3NX_FbUl30MUDI-g4OeXnt13FJTA5WSgnKvwbn4ebrON8lJN_OKdGbKWMP1ONeJgfTJn6AYXOtCRwRmXl-_lZSpQAGnzxawGyms0q20eh5ZeEgiXBO2NVHRdREloSynxwr9EjA76YbAucUTfOqF6wCARSO-ARMVANwIkVut5R_XHF3ATfQePYoe4TPNZoWSYlcgKPsi6ZBORtPWbO1w==/640x640_rect_ad6929ef43fa4821a0319a323736b496.jpg"")"	Osaka	Namba	Onigiri Gorichan Nankai Namba (おにぎり ごりちゃん 南海なんば駅 3F)	ร้านอาหาร	ข้าวปั้นโอนิกิริปั้นสด (Handmade Onigiri)	07:30 – 21:00	ข้าวปั้นแซลมอนมาโยไข่กุ้ง, ข้าวปั้นไข่แดงดองโชยุหมูผัดมิโซะ (ชั้น 3F สถานี Nankai Namba)	โอนิกิริ อร่อย	"=HYPERLINK(""https://www.google.com/maps/search/?api=1&query=34.66411,135.5013808&query_place_id=Onigiri%20Gorichan%20Nankai%20Namba%20Namba"", ""📍 แผนที่"")"
35	"=IMAGE(""https://msp.c.yimg.jp/images/v2/FUTi93tXq405grZVGgDqG4TycKYVn2OFEVvxdFTDDVe95GeRt1zlGs45M33iLi4sEIolV7w7X0Sxg62Biuln3DwRHesNA2eK4Ae2KhIwvF4hlfXHiJ_9I4SG9-IjOkGiroeSh0Wwpsbn0UTI0hsr-owQUr2uPRjssvIKp0lzNh5caPRnczZZkhb6Ym94bf9_VgYWEfpGpML-rV4VGTkkjS-v_qv4_yJesJY1YGK-6K0DoRVJk7tFNJWD3qHMvRstKEA0d_jGrSaqyfs5ID5X9NunQrd-kdqFav9Mw13PxRYfXYx4mVHeVpMaIZ3N5df4/aq559-0dkn6-scaled.jpg"")"	Osaka	Honmachi / Awajimachi	Hakugintei (白銀亭 - ฮะคุงินเท)	ร้านอาหาร	ข้าวแกงกะหรี่รสเผ็ดหวานสไตล์โอซาก้า (Curry Specialty)	11:45 – 15:00 (เปิดเฉพาะเที่ยง ปิดอาทิตย์)	Tonkatsu Curry + Cheese + Raw Egg (ข้าวแกงกะหรี่หมูทอดท็อปไข่ดิบและชีส)	แกงกะหรั่ดังคนไทย	"=HYPERLINK(""https://www.google.com/maps/search/?api=1&query=34.6869253,135.4993977&query_place_id=Hakugintei%20Honmachi%20/%20Awajimachi"", ""📍 แผนที่"")"
36	"=IMAGE(""https://msp.c.yimg.jp/images/v2/FUTi93tXq405grZVGgDqG7vtJUceQEiwasVKtK4sWxIvOfeFulQ-k6a-45h5F6hG8c77w0hBh7cS1_H9UuW6hHGTXiIT8MdWqn5N7OSMyY26QEKK_XUdhg9eIlo7H85UkJo-FfeimwoIS5hy2LP3L5XabJYRU_eeoUNUfX1sKLbudxt0IUCcwJGN6BJHhPUqrtvQGdN0sJvM-MC0TacXuA2Ycm_Zx_TOBZLXvYlpOYV-rdmS-JDkd7d-jpzP83NdAMAH9toz_jCk9Mz5S_tvqxite2JBhC0UnMd994Pdmhjqm92NFL7jYnV_zPBOi-Foyl2LFS1020zPlxgmq4pXixTQQbzQ0p4caWkyaSELo94=/45575187.jpg"")"	Osaka	Namba / Sennichimae	Tempura Tarojiro (天ぷら 太郎次郎)	ร้านอาหาร	เทมปุระทอดสดกรอบไม่อมน้ำมัน (Tempura Izakaya)	17:00 – 23:30 (ปิดวันจันทร์)	เทมปุระกุ้งตัวโต, ไข่ต้มเทมปุระยางมะตูม, ผักตามฤดูกาลทอดเสิร์ฟร้อนๆ คู่เกลือหลากรส	Tempura อร่อย	"=HYPERLINK(""https://www.google.com/maps/search/?api=1&query=34.6678979,135.503683&query_place_id=Tempura%20Tarojiro%20Namba%20/%20Sennichimae"", ""📍 แผนที่"")"
37	"=IMAGE(""https://msp.c.yimg.jp/images/v2/FUTi93tXq405grZVGgDqGx7eqcYBIvhvzjkEERAPVzE3fp3obIxJYeO18IRUJ5WvT-woCDr7lXcJ-RN1-kYaYL3eTpgtLvj3UBN-5viYPxnz-pTFfenWk6ATS1oxXP4RjBBSva49GOyy8gqnSXM2Hlxo9GdzNlmSFvpib3ht_39WBhYR-kakwv6tXhUZOSSNL6_-q_j_Il6wljVgYr7ora50MQBBV0UFMHu8W_w9NmvH-svKh-Mt5XXCZS4BBx-gR8TfS1D1bheraYS65Y97lZCGklMHD0ehyo2yhsDb1nA=/rinku.png"")"	Osaka	Rinku Town / Izumisano	Rinku Premium Outlets (りんくうプレミアム・アウトレット)	ช้อปปิ้ง	เอาต์เล็ตมอลล์ขนาดใหญ่ริมทะเล (Shopping Outlet)	10:00 – 20:00	แหล่งช้อปปิ้งแบรนด์เนม แฟชั่น กีฬากว่า 250 ร้านค้า ใกล้สนามบินคันไซ พร้อมวิวอ่าวโอซาก้า		"=HYPERLINK(""https://www.google.com/maps/search/?api=1&query=34.4064643,135.2954403&query_place_id=Rinku%20Premium%20Outlets%20Rinku%20Town%20/%20Izumisano"", ""📍 แผนที่"")"
38	"=IMAGE(""https://msp.c.yimg.jp/images/v2/FUTi93tXq405grZVGgDqG_GwMB2BxZcA7xqJG08HXLv_EsI9rI5aZS4mTPuRWH3r__eS97ZrPBNsqw2hpzrhPvb5RQK0SHfiNfvo_op0wXFxgtBbyQxHhrV7c3Fy7Yxi8EqLB92mS2WyOBcPc7YX3kaVyPM2oMOzO7OqapMlEaA9x2d053i6yqs_-C4nX2J5mccrn3nn-eS7Wx-zgNy5oVwBKV_l2dBFBe7ZOHMRrd3IBJEs5at5hgvpXIAXpgI9DoxCea_1v-CB77sJiqT6Xo8xxgJxmXbUJFmwahgQqC2Y2mRPVi75r7m4z3cZomEi/33648007.jpg"")"	Osaka	Temma / Ogimachi	Doshintei (同心亭 - ปิ้งย่างโดชินเท)	ร้านอาหาร	เนื้อย่างยากินิกุเนื้อวากิวสไตล์โลคอล (Wagyu Yakiniku)	17:00 – 23:00 (ปิดวันจันทร์)	ลิ้นวัวหั่นหนาพิเศษ (Thick-cut Gyutan), เนื้อคารูบิลายหินอ่อน, เนื้อฮารามิราคาสุดคุ้ม		"=HYPERLINK(""https://www.google.com/maps/search/?api=1&query=34.7030127,135.5173128&query_place_id=Doshintei%20Temma%20/%20Ogimachi"", ""📍 แผนที่"")"
39	"=IMAGE(""https://msp.c.yimg.jp/images/v2/FUTi93tXq405grZVGgDqG5EuEQa_Sf3uZb315GeI5kkcST_llUqJdskyqn-0Un0jL-FMSdsvLXHxf2IPe1KRfyA3LzgUfPWgKeaQQi6mhiUtEliRhEEqdt67VDCeAy_9o85E5wQQWdu0sKJGvibNEHKSqbS3ZVyrFYBGwonl4lWMEFK9rj0Y7LLyCqdJczYeXGj0Z3M2WZIW-mJveG3_f1YGFhH6RqTC_q1eFRk5JI0vr_6r-P8iXrCWNWBivuitLtsNALGRC0Gz7ulLkq-ruebQk-aRXR9gX5rYpBKu_I1oHr7_YOZCPiRot5Jk87T125fYieVwWz4brVkd5KG5mQ==/normal_e821fb7d-4aa9-450a-b5d6-c9bd9658fcb7.jpg"")"	Osaka	Tennoji	Shitennoji (วัดชิเทนโนจิ - 四天王寺)	สถานที่ท่องเที่ยว	วัดพุทธโบราณแห่งแรกของญี่ปุ่น (Historic Buddhist Temple)	08:30 – 16:30	เจดีย์ 5 ชั้นเก่าแก่, สวนสวรรค์โกคุราคุโจโด, บรรยากาศประวัติศาสตร์กว่า 1,400 ปี		"=HYPERLINK(""https://www.google.com/maps/search/?api=1&query=34.6547142,135.5169464&query_place_id=Shitennoji%20Tennoji"", ""📍 แผนที่"")"
40	"=IMAGE(""https://msp.c.yimg.jp/images/v2/FUTi93tXq405grZVGgDqG6pNq89RFIlDgEg_k-EZN25zOhpRcDdQ6SivxOv7tgkiedZUiRi-PyQNTOesVnOfLRmxj17INtoJINubvzpCO19eQCJBebn62rzScXBE0l1UMmZzRHYjrWEhlKIFHNRX7zK6ORpzPf7OFpD40n_M3-zLRyATXASUlp41zBDZjaDka1CTjhdbVeOJ8Hz74W88MecowmyTJvav6eHIy-vrWMqbtD3tsCMrRKbCr2ocQIo6tnHN45_myMQpudv4T4B_voz0-kdKhTK1vGzBC7f8wUA=/P039140867_480.jpg"")"	Osaka	Shinsaibashi	Shinsaibashi Ujien honten (宇治園 心斎橋本店)	คาเฟ่ / ขนมหวาน	ชาเขียวอุจิและขนมญี่ปุ่นโบราณ (Uji Matcha Specialty)	10:00 – 20:00	Matcha & Hojicha Parfait, มงบล็องชาเขียวบีบสดใหม่, ซอฟต์เสิร์ฟมัทฉะเข้มข้น (ก่อตั้ง 1869)		"=HYPERLINK(""https://www.google.com/maps/search/?api=1&query=34.6731316,135.5015213&query_place_id=Shinsaibashi%20Ujien%20honten%20Shinsaibashi"", ""📍 แผนที่"")"
41	"=IMAGE(""https://msp.c.yimg.jp/images/v2/FUTi93tXq405grZVGgDqGwIzO_HmiMI2yxII_Plxke1OmnDRxhSx7Rk5BTjnnq_WIB30JrYrvFZpo7rR3Lbl8VkUD-aLX-BtWvMcvMy0VuOdCcQR1cdK5H22uYzw12xhtgBldUd9BpgdOkq31PqTrzCwKdtdGI7a-_18Op-XMnN-poOkda1pJIWTIsR__zzAzyUFX3tJ_2FbORSufDRAFqFwLUoBlfpck-lOmldj_8YM_QD1P-o7YPgFUjfn8uOxhnWmXubTvre98eEiK-VQgvXUWqw6OEqqJ8vMLkbQoE0Mk5ZG-WWqJSAAGlNMtl46fhfC33DBneDccewHRogK7R_AuQ3K-33cDLCAjCvxDGM=/650x450_18717804.jpg"")"	Osaka	Kuromon Market / Namba	Maguroya Kurogin Kuromon (まぐろや黒銀 黒門市場本店)	ร้านอาหาร	ข้าวหน้าปลาทูน่าสด ซาชิมิโอโทโร่ (Tuna Specialty)	09:00 – 16:00 (หรือจนกว่าของจะหมด)	Sanshu Don (ข้าวหน้าทูน่า 3 ส่วน โอโทโร่ ชูโทโร่ อากามิ), ซูชิโรลโอโทโร่เบิร์นไฟ		"=HYPERLINK(""https://www.google.com/maps/search/?api=1&query=34.6645566,135.5069356&query_place_id=Maguroya%20Kurogin%20Kuromon%20Kuromon%20Market%20/%20Namba"", ""📍 แผนที่"")"
42	"=IMAGE(""https://msp.c.yimg.jp/images/v2/FUTi93tXq405grZVGgDqG4shvqzwNmHwKBXzSHCM_zwaOyuGFongc8Hm7mQ6ljIyuVv03SPQEpgWLg4LRwZmZyuzQmcY3Hy05EmF42Px1EHf7NWxuNgCE9w9WSYrHaNuVyEta0mU0yYtSDBM90Ez7kaVyPM2oMOzO7OqapMlEaA9x2d053i6yqs_-C4nX2J5mccrn3nn-eS7Wx-zgNy5oVwBKV_l2dBFBe7ZOHMRrd0zO7Un6bJRCqGkmmvFyY6WFcSzlM9XXN_5yiEiNLepcefRB-4indr0JfmfTi34_ydDy1oH9kuCDAhN1f7rWxUQ/e73541d5086e3fc1d2ac57e62fe38b16.jpg"")"	Osaka	Fukushima	Moeyo Mensuke Ramen (燃えよ 麺助)	ร้านอาหาร	ราเมนซุปเป็ดและซุปหอยยอดนิยม (Award-winning Ramen)	11:00 – 15:00 / 17:30 – 21:00 (ปิดวันจันทร์)	Kamo Soba (ราเมนซุปเป็ดคิชูอบควัน หอมละมุน หมูชาชูนุ่ม), Kai Soba (ราเมนซุปหอยรสหวานกลมกล่อม)		"=HYPERLINK(""https://www.google.com/maps/search/?api=1&query=34.6963581,135.4868588&query_place_id=Moeyo%20Mensuke%20Ramen%20Fukushima"", ""📍 แผนที่"")"
43	"=IMAGE(""https://msp.c.yimg.jp/images/v2/FUTi93tXq405grZVGgDqG60_kW2k-uPt5yOVAxE4gU2QACSwYqIuW-N3eY9zonbhNTuCmyu53GpcYJpwIIVy_gyKRO15kuMFNbuWPqsweYPszzCbZENTza-YgU3U-_hFhWxamlc3fUVQpg9OVjrz7RQx0V7tfujTsouQqq-Jg-IaTtnWiVFvMmePQRje8cZj8tH2oJh01ucRh1mlLY3jcm7YeBW15pWZkMgzkWgcNSCtkskS4j3WiAAhVMWrZ-mcCUS1sVdcKi8moJsjZlgdzINk1FqJ9eE0Kz8G6BZUDmg=/main-43.jpg"")"	Osaka	Namba	Osaka Takashimaya (大阪高島屋)	ช้อปปิ้ง	ห้างสรรพสินค้าและศูนย์รวมอาหารชั้นใต้ดิน (Department Store / Depachika)	10:00 – 20:00 (ร้านอาหารชั้นบนถึง 23:00)	แหล่งรวมขนมของฝากพรีเมียมทั่วญี่ปุ่นชั้น B1, แบรนด์เนม แฟชั่น และร้านอาหารชื่อดัง		"=HYPERLINK(""https://www.google.com/maps/search/?api=1&query=34.6646089,135.5012633&query_place_id=Osaka%20Takashimaya%20Namba"", ""📍 แผนที่"")"
44	"=IMAGE(""https://msp.c.yimg.jp/images/v2/FUTi93tXq405grZVGgDqGwsRbagP3KOGPOFmWAWZ2FwhSpdWI1ihFx5y2jEKZb6Lq3ey490QjMMuaR0711Mn9CYmwUCO1cKYWxIcftnJdWlK7EwvsAnZ5NgKxAGODqRUaE4-W9uPEB76D8ZD-3inzOxrYG5tFG5kVMAHJXNVkDgUUjQfrSz3EoTjCHnQc5VLy081uZa8lDuwdcy3vRMShrFNNNHjupLn3P1fIM7CvgewoZEMp8_Jaf6KbGbw11sbfaX-X7H5DDe7VD32oQLXkmYNWt-irGl-yuFjd-5A6rI=/jppopunderground_2.jpg"")"	Osaka	Shinsaibashi	PARCO GALLERY OSAKA (心斎橋PARCO 14F)	สถานที่ท่องเที่ยว	แกลเลอรีศิลปะและนิทรรศการป๊อปคัลเจอร์ (Art Gallery & Exhibition)	10:00 – 20:00	พื้นที่จัดนิทรรศการศิลปะร่วมสมัย ป๊อปอาร์ต อนิเมะ และสินค้าลิมิเต็ดหมุนเวียน		"=HYPERLINK(""https://www.google.com/maps/search/?api=1&query=34.6738705,135.5007267&query_place_id=PARCO%20GALLERY%20OSAKA%20Shinsaibashi"", ""📍 แผนที่"")"
45	"=IMAGE(""https://msp.c.yimg.jp/images/v2/FUTi93tXq405grZVGgDqG5B3e982k0_Om-eChb4_4dWdcGharnwuW_SG_ApKsILUDC2Bq1egzWCglN1RjQ7ihxGEni-prlWI0NSrJ36ezBWZ7fTyKFGLlST30S-kleJCC-6BYIomdZiOhRzXswIJW38zF6_1O5BXJOg0-XTONv-yO9jOak4W5ynbGqzB8UQV9tJe5XXUnsJF1V7CZfRTZsEyg9gb4dQ1FkXXHwIPMazL4iPwKtiRCmnmkHb-WF5ogf9Bhl5x1NXYHJRHgdZJznyxm_lgLLeR89c4ZpVBhN2tTgN6I9BtIp4qUNNIAKEoMs2chdnZ0bdbyFZ5YJoy_J7Vu2y27ro0IU6ncex3NyKLO3VWxJR42sfXlrI6RjuV/9dcb58af-6130-4298-b398-8d8f7699e19a.jpg"")"	Osaka	Minoh	Katsuoji (วัดคัตสึโอจิ - 勝尾寺)	สถานที่ท่องเที่ยว	วัดแห่งชัยชนะและตุ๊กตาดารุมะนับหมื่นตัว (Temple of Good Fortune)	08:00 – 17:00 (เสาร์-อาทิตย์ถึง 18:00)	วัดขอพรชัยชนะ โอบล้อมด้วยตุ๊กตาดารุมะสีแดงนับหมื่นตัวทั่ววัด ทิวทัศน์ธรรมชาติสวยงาม		"=HYPERLINK(""https://www.google.com/maps/search/?api=1&query=34.8657752,135.491087&query_place_id=Katsuoji%20Minoh"", ""📍 แผนที่"")"
46	"=IMAGE(""https://msp.c.yimg.jp/images/v2/FUTi93tXq405grZVGgDqG2NkgqncX10TDLf6oHTQLWtZ48rbSRsLhAhT8SJkw3JPoSX3W7JAleOLPc2nyb7hC0aVyPM2oMOzO7OqapMlEaA9x2d053i6yqs_-C4nX2J5mccrn3nn-eS7Wx-zgNy5oVwBKV_l2dBFBe7ZOHMRrd1oDtzfddgiX_wBIWhs6enTYO3-sD6tyLuKnLpdahnwaaDsAWd5eaCYipFYxII8CTYUyHljqQUHWeA3pXBU26Q5/harukas1-1280.jpg"")"	Osaka	Tennoji / Abeno	Harukas 300 (จุดชมวิว ฮารุกัส 300 - Abeno Harukas)	สถานที่ท่องเที่ยว	จุดชมวิวตึกระฟ้า 360 องศา (Observatory Deck ชั้น 58-60)	09:00 – 22:00	ชมทัศนียภาพเมืองโอซาก้าแบบพาโนรามา 360 องศาทั้งกลางวันและแสงสียามค่ำคืน		"=HYPERLINK(""https://www.google.com/maps/search/?api=1&query=34.6463062,135.5133091&query_place_id=Harukas%20300%20Tennoji%20/%20Abeno"", ""📍 แผนที่"")"
47	"=IMAGE(""https://msp.c.yimg.jp/images/v2/FUTi93tXq405grZVGgDqG7Nl8NPWUjOSXbEzJJqdxSUWCf3XaaGffvKJxg95bLmUrFOKhpzdq3c1Sem4n08RWYWVKeOzQ2ij5_AHNvZE_pd2siF_7AMk1Y1EivTaq1Jbpxk6TduD-mOLk-MSssURZrmWnhkYoHDRX1J6n_7qje1yXs7jlN5lqDjAfuj7GieH2RV-xR6AtIptG8jET0uCt9dvRY9SfGfbVlyVuJmvQDmzPTTkeIYs4jgZ6c103XWOd8lVHw4u12BN7X4yBp15XLS7z0IkO0B3zf8OUbKuPjM=/s_0n5p.jpg"")"	Osaka	Kizu Market / Namba	Uoichi Shokudo (魚市食堂 - ตลาดปลาคิซุ)	ร้านอาหาร	ข้าวหน้าปลาดิบซีฟู้ดดงบุริสดจากตลาดเช้า (Seafood Donburi)	06:00 – 13:00 (ปิดพุธและอาทิตย์)	Tokusen Kaisendon (ข้าวหน้าปลาดิบรวมพรีเมียม โปะอูนิ โฮตาเตะ แซลมอน ทูน่า กุ้งหวาน)		"=HYPERLINK(""https://www.google.com/maps/search/?api=1&query=34.6570455,135.4996569&query_place_id=Uoichi%20Shokudo%20Kizu%20Market%20/%20Namba"", ""📍 แผนที่"")"
48	"=IMAGE(""https://msp.c.yimg.jp/images/v2/FUTi93tXq405grZVGgDqG3Lv0Z8_qNzYODIUDEEYJomvAEXFIq6dc8894kayH0JEbVmWC4ORk_18md3qaNdW6Sr-otcG6qC24IdvwFB4xAH08LQ8WuVz_vO-Xg3EZcTe2IVzY_BJp13grRfUTjtBnJUtjVUSKEeJmfrlCwbG4aqnGTpN24P6Y4uT4xKyxRFmuZaeGRigcNFfUnqf_uqN7XJezuOU3mWoOMB-6PsaJ4fZFX7FHoC0im0byMRPS4K3KB0vllswNscncMbLdhDLXKmfsD35TOSoRNTzWPHSSJproJtrrLBjbKV-_50pm3WO-YwLAc_ohgOE-lEOElryCg==/enjoy_eat_img02.jpg"")"	Osaka	Naniwa / Namba	Osaka Kizu Wholesale Market (ตลาดค้าส่งคิซุ - 大阪木津卸売市場)	สถานที่ท่องเที่ยว / ตลาดสด	ตลาดปลาและผลไม้สดขายส่งท้องถิ่น (Local Wholesale Fish Market)	05:00 – 12:00 (เช้าตรู่ ปิดพุธและอาทิตย์)	เดินชิมอาหารทะเลสด ซาชิมิ ปลาดิบ สตรอว์เบอร์รีและองุ่นญี่ปุ่นคัดเกรดประมูล		"=HYPERLINK(""https://www.google.com/maps/search/?api=1&query=34.6573279,135.5001719&query_place_id=Osaka%20Kizu%20Wholesale%20Market%20Naniwa%20/%20Namba"", ""📍 แผนที่"")"
49	"=IMAGE(""https://msp.c.yimg.jp/images/v2/FUTi93tXq405grZVGgDqG2GxQyEiiSCKIwfOWd0iBoWID_lLhXSnY-LnrWDOM2KhYx2w05iz2oSR6jfnvgRWGhj_ouBHYNCYpqIdQl5Iyon1A_SAx0hpnWtUXJ2-wePRGpnUKSGMPFs1H-kksqAmkbagFTb23NpSMhCOIe9DUUViGmb7Y_cz57A7h76u4uD9LdNKMUeKBvFPEwlcTn67lYBChlLTJjw6LO2QPrAUJkOmnhB4skm__wUKy4a7PA8XoPAu1aivy-X05EsU8j9_eIx9J4915QkG6oPJy33ekBppmMDg1OKeoDfnGdUIwbHvHx2_fe80DRhga9svGr4Emy6y1kwdEU_rx24VPvy8XxXyjrNBw9iXW4gDGS-NANVS/VTTr8V346Tr9ofJhV1SH.jpg"")"	Osaka	Shinsaibashi	Rikimaru Shinsaibashi (爐ばた焼 力丸 心斎橋店)	ร้านอาหาร	โรบาตายากิ ปิ้งย่างเตาถ่านเสิร์ฟด้วยไม้พายยาว (Robatayaki Izakaya)	16:00 – 23:00	หอยเชลล์โฮตาเตะย่างเนยโชยุ, กุ้งลายเสือย่างเกลือ, ไก่และผักเสียบไม้ย่างถ่าน ราคาสุดคุ้ม		"=HYPERLINK(""https://www.google.com/maps/search/?api=1&query=34.6718068,135.5022053&query_place_id=Rikimaru%20Shinsaibashi%20Shinsaibashi"", ""📍 แผนที่"")"
50	"=IMAGE(""https://msp.c.yimg.jp/images/v2/FUTi93tXq405grZVGgDqG36TARcxO1rLFDgwdPl0C1Bt9hdlVyY1pJ6sdArH9b-5ZKb2AAK-bkjppFG_xcbN5ymVvpvOMDjIh26JOXuDsgFL4BONvAaqOM92eM1hP_0NejbSuIC58X43F-IoQdF2RYZO-6EflRqXnIo87cMikMpcXdtyqJpwQa2uAfqxa3yuG5W9mu9dkWNK5v8rZA5w5MEyg9gb4dQ1FkXXHwIPMazL4iPwKtiRCmnmkHb-WF5ogf9Bhl5x1NXYHJRHgdZJznyxm_lgLLeR89c4ZpVBhN1as21OBhknCrpGkj2RCS-uO2hgIoL6-6XFfL-6i1sPKcbaDlE-1rVd4VcPSjd9ZgwKU2K_yUArj8x-FL_xcJgt/fb86662148be855d931b37d6c1e5fcbe.jpeg"")"	Osaka	Namba	Shabuwara Namba Grand Kagetsu (しゃぶ笑 なんばグランド花月店)	ร้านอาหาร	ชาบูชาบูหม้อเดี่ยว (Individual Shabu-shabu)	11:00 – 22:00	ชุดชาบูเนื้อวัวคุโรเกะวากิวหม้อเดี่ยว เสิร์ฟพร้อมบาร์ผักสดและข้าวไม่อั้น (ชั้น 1F Namba Grand Kagetsu)		"=HYPERLINK(""https://www.google.com/maps/search/?api=1&query=34.665108,135.50363&query_place_id=Shabuwara%20Namba%20Grand%20Kagetsu%20Namba"", ""📍 แผนที่"")"
51	"=IMAGE(""https://msp.c.yimg.jp/images/v2/FUTi93tXq405grZVGgDqG8T8zkjp6eJZRHZqDe6RvMOYOHaBXdBllcsOuFamVSBK0cW6Y8MtoHk7llzATicOpiGbU39Sjid992sz-462s8V9cGJ4VryjPInpvIzYdKxdd0XRgvS1dkUzsTp1yDMALIBChlLTJjw6LO2QPrAUJkOmnhB4skm__wUKy4a7PA8XoPAu1aivy-X05EsU8j9_eLxC9Y9KWBAWEZoFBKTMJnecy1AaZRwZep-RBD3pYwUKw4y8kOwAQ9cv6A9FskWR3fmepDQjqYA9sgS3Wi_ke5byjrNBw9iXW4gDGS-NANVS/IMG_0985-1024x768.jpg"")"	Osaka	Namba / Sennichimae	Tempura Makino Namba (天ぷら まきの 難波千日前店)	ร้านอาหาร	เทมปุระทอดสดเสิร์ฟทีละชิ้น (Freshly-fried Tempura)	11:00 – 22:00	Makino Teishoku (เซ็ตเทมปุระรวมพร้อมไข่ต้มเทมปุระเยิ้มๆ คลุกข้าวสวยโรยพริกไทยดำ), กุ้งและหอยนางรม		"=HYPERLINK(""https://www.google.com/maps/search/?api=1&query=34.6664593,135.5019007&query_place_id=Tempura%20Makino%20Namba%20Namba%20/%20Sennichimae"", ""📍 แผนที่"")"
52	"=IMAGE(""https://msp.c.yimg.jp/images/v2/FUTi93tXq405grZVGgDqG0qPYmrUwyYvBr6q-NYFsnn1DkDpwlfTWz6-6YUgTJy1lDgfJrkRHdHQju2gUkf7fotASS_W0DviF7nLZgSVIerBMoPYG-HUNRZF1x8CDzGsy-Ij8CrYkQpp5pB2_lheaIH_QYZecdTV2ByUR4HWSc58sZv5YCy3kfPXOGaVQYTdFpGAyVbbLd3rZBAiDGj8ut-sUtE-0029umXYvKCahAFKkgq4EqdJuPoSL32dxTL5oXOez0KFQo02t9eEItuzvw==/rinku1.jpg"")"	Osaka	Rinku Town / Izumisano	Rinku Marble Beach (หาดหินอ่อนรินคู - りんくうマーブルビーチ)	สถานที่ท่องเที่ยว	หาดหินอ่อนสีขาวและสวนสาธารณะริมทะเล (Seaside Beach & Sunset Spot)	เปิด 24 ชั่วโมง	หาดหินอ่อนสีขาวทอดยาว จุดชมพระอาทิตย์ตกดินติดอันดับ 1 ใน 100 ของญี่ปุ่น วิวเครื่องบินขึ้นลง		"=HYPERLINK(""https://www.google.com/maps/search/?api=1&query=34.4036344,135.2890674&query_place_id=Rinku%20Marble%20Beach%20Rinku%20Town%20/%20Izumisano"", ""📍 แผนที่"")"
53	"=IMAGE(""https://msp.c.yimg.jp/images/v2/FUTi93tXq405grZVGgDqGyYx7IqEYxeN9Xu7hdjJoKSth3J6duE88-k9h-f6-uGvXkAiQXm5-tq80nFwRNJdVDJmc0R2I61hIZSiBRzUV-8yujkacz3-zhaQ-NJ_zN_sy0cgE1wElJaeNcwQ2Y2g5LH4mV0tatNpvx1uxq4qAz_CXyfinoy0QPfOrk0YqYWrJyfiQQuM3PxUA7wUBzzCVq9Ytiugka09kZu0JPi9NbTyjrNBw9iXW4gDGS-NANVS/s15-0.jpg"")"	Osaka	Rinku Town / Izumisano	Rinku Town (รินคูทาวน์ - 臨空タウン)	สถานที่ท่องเที่ยว / ช้อปปิ้ง	เมืองท่องเที่ยวริมทะเล ช้อปปิ้ง และชิงช้าสวรรค์ (Waterfront Commercial Town)	10:00 – 20:00	ชิงช้าสวรรค์ยักษ์ Rinku no Hoshi, ช้อปปิ้งมอลล์ Seacle และ Outlet ริมอ่าว		"=HYPERLINK(""https://www.google.com/maps/search/?api=1&query=34.4103498,135.2998223&query_place_id=Rinku%20Town%20Rinku%20Town%20/%20Izumisano"", ""📍 แผนที่"")"
54	"=IMAGE(""https://msp.c.yimg.jp/images/v2/FUTi93tXq405grZVGgDqG9xX3MH5qFi8wMB_Qy81b-9Kj7eZRUzaQ0L6PYfusniIPfwnJyW1wBQ6HqJ-uYdk4vTFbSk-sb7PsAObKoVBaiD1zrwfs5CGp8FwVW6i8R_p3kdZK2NhvwGH7eedDAfyyA-lE4tAYm_K-JVMf0IlAiRGlcjzNqDDszuzqmqTJRGgPcdndOd4usqrP_guJ19ieZnHK5955_nku1sfs4DcuaFcASlf5dnQRQXu2ThzEa3dx-UqI4B3YQt17FhYHajf0KHtpPEpa_xhouOaVNfNfKO3UUFSxgoCJRgItXubXT3DeSQPjxgrT8dge6SjbS7cZw==/title-1773099494691.jpeg"")"	Kyoto	Karasuma Oike / Nakagyo	(THISIS)SHIZEN (ディス イズ シゼン - 新風館 1F)	คาเฟ่ / ขนมหวาน	ไอศกรีมศิลปะช่อดอกไม้ถั่วแดงกวน (Botanical Sweets)	10:00 – 19:00	Ice Bouquet (ไอศกรีมซอฟต์เสิร์ฟประดับกลีบดอกไม้แกะสลักจากถั่วแดงกวน สวยงามและอร่อย)		"=HYPERLINK(""https://www.google.com/maps/search/?api=1&query=35.009357,135.7599419&query_place_id=%20Karasuma%20Oike%20/%20Nakagyo"", ""📍 แผนที่"")"
55	"=IMAGE(""https://msp.c.yimg.jp/images/v2/FUTi93tXq405grZVGgDqG2cFZAQE67TaXMl8Z2Vy-5Iko4aiVOz8z7AZzBFB31_FMYCcS6R6P2Dv-Fo6nLz2T6-7aJEjyDZSCQicjebz6P56_3iPm2uPi-Sab8402yPdR48LLI_ryEjGpRLvn_clY1SutR6yhdWO3xmBbflrVIQggfheT3VZvQQXUlSp7XonFW8qCg9JccEDAkW7qgTayoAgOERmond4rce8jpRphSmrlg_CZut-1eRwx49pFTf5QInafhdRLnbFqmUGPAvbuK2jl9e-P-JCH8fUI4LAkOd3sYc5BZFKX4BgHA1vXxl7rwtlq0gS3VVxc8MuITDN5w==/pixta_85361177_S-600x400.jpg"")"	Kyoto	Kawaramachi / Shijo	Kawaramachi-dori St (ถนนคาวารามาจิ - 河原町通り)	สถานที่ท่องเที่ยว / ช้อปปิ้ง	ถนนช้อปปิ้งใจกลางเมืองเกียวโต (Shopping & Cultural Street)	เปิด 24 ชั่วโมง (ร้านค้า 10:30 – 20:00)	แหล่งรวมห้างดัง (BAL, Takashimaya), ร้านค้า, คาเฟ่ริมคลองทาคาสะ และแม่น้ำคาโมะ		"=HYPERLINK(""https://www.google.com/maps/search/?api=1&query=35.0016984,135.7689646&query_place_id=Kawaramachi-dori%20St%20Kawaramachi%20/%20Shijo"", ""📍 แผนที่"")"
56	"=IMAGE(""https://msp.c.yimg.jp/images/v2/FUTi93tXq405grZVGgDqG7vtJUceQEiwasVKtK4sWxIvOfeFulQ-k6a-45h5F6hG8c77w0hBh7cS1_H9UuW6hHGTXiIT8MdWqn5N7OSMyY1a6PhgZgbF7xF87AZm5Ac2NHuUBh8ocYaGnmDcCwourMMgkWuukpQiOXlK-2_c0fPIXTZHPwJfKziZGNHV_QkMuVTi4jxXXoDtmfSZpw6vh0aVyPM2oMOzO7OqapMlEaA9x2d053i6yqs_-C4nX2J5mccrn3nn-eS7Wx-zgNy5oVwBKV_l2dBFBe7ZOHMRrd0NXhJcPhSP9MZRxbMnmps3i7Ide-xsPMVXMV8WLFZ7hZFDzH_kRl5WZmyYkDKWgdOZSjH48INGlip_pEGr7B6q/fce825fba1b6c6d5a43d8a8ae792315e.jpg"")"	Kyoto	Shimogyo / Kyoto Station	Totaro (藤太郎 - โททาโร่ เกียวโต)	ร้านอาหาร	โอเด้งและอาหารพื้นบ้านเกียวโต (Kyoto Obanzai & Oden Izakaya)	17:00 – 23:00 (ปิดวันอาทิตย์)	โอเด้งน้ำซุปดาชิใส หัวไชเท้าต้มฉ่ำ, ปลาดิบตามฤดูกาล, เมนูต้มตุ๋นสไตล์โอบันไซ		"=HYPERLINK(""https://www.google.com/maps/search/?api=1&query=34.9941419,135.7617536&query_place_id=Totaro%20Shimogyo%20/%20Kyoto%20Station"", ""📍 แผนที่"")"
57	"=IMAGE(""https://msp.c.yimg.jp/images/v2/FUTi93tXq405grZVGgDqG1juihZR9YCeBvVK7Bxk68ZVRtCbc3e5S7U4-7i1IfIycEgAfjgW7SO-llHfObMXo68nDSMX_SgY5CP43518EFWMEFK9rj0Y7LLyCqdJczYeXGj0Z3M2WZIW-mJveG3_f1YGFhH6RqTC_q1eFRk5JI0vr_6r-P8iXrCWNWBivuitUy03gXz23M9kli8qfLSwEpEXCc5TZL6K-6wtGAdyD1l_FpshaH6Coufk-eaIuyI6vAkfKTqycG4vFAYmHNITJg==/2466.jpg"")"	Kyoto	Miyazu (ตอนเหนือเกียวโต)	Amanohashidate (สะพานสู่อัศจรรย์ อามาโนะฮาชิดาเตะ - 天橋立)	สถานที่ท่องเที่ยว	1 ใน 3 ทิวทัศน์ที่งดงามที่สุดของญี่ปุ่น (Three Views of Japan)	สันทรายเปิดตลอดเวลา (กระเช้า View Land 09:00 – 17:00)	แนวสันทรายต้นสนยาว 3.6 กม., วิวมังกรเหินฟ้าผ่านหว่างขา (Matanozoki)		"=HYPERLINK(""https://www.google.com/maps/search/?api=1&query=35.5698022,135.1918204&query_place_id=Amanohashidate%20Miyazu%20%28%E0%B8%95%E0%B8%AD%E0%B8%99%E0%B9%80%E0%B8%AB%E0%B8%99%E0%B8%B7%E0%B8%AD%E0%B9%80%E0%B8%81%E0%B8%B5%E0%B8%A2%E0%B8%A7%E0%B9%82%E0%B8%95%29"", ""📍 แผนที่"")"
58	"=IMAGE(""https://msp.c.yimg.jp/images/v2/FUTi93tXq405grZVGgDqG2gaE5FEeKFFOU_TPxnJWIverSO1wrDHNsmjw4jlijaL6tf3yxm5u-EQ8mRcEFRkvXkGOKGFgRhVGiE91P3H8dgL8UGN3hA3tFsqzIKFxqMHnI1UhOSjFJLZrqE7rgVWN_F6SRVIsJ_NbxYiLv_-eMn-jO3iN4wLtyHYDxKaqgBiTiurRrSMZew9xAniFKagn3s3dayHIEhnZSuj5ftsZtuNCDpbJAJW9BsVy9c6cx6IHM87UQG4qJ45ED7tgY1p9Gz9MR4opv8RJ1evDNsBxIukZJfuffmBmUhAx8MXmrUH/20250630_140717_2f839b6c_w1920.webp"")"	Kyoto	Ine (ตอนเหนือเกียวโต)	Ine Funaya (หมู่บ้านชาวประมงอิเนะ ฟุนายะ - 伊根の舟屋)	สถานที่ท่องเที่ยว	หมู่บ้านชาวประมงโบราณริมอ่าว (Traditional Fishing Village)	เดินชมได้ตลอด (เรือนำเที่ยว 09:00 – 16:00)	บ้านเรือนฟุนายะริมน้ำกว่า 230 หลัง, นั่งเรือชมอ่าวให้อาหารนกนางนวล, คาเฟ่ริมทะเล Ine Cafe		"=HYPERLINK(""https://www.google.com/maps/search/?api=1&query=35.6751496,135.2727148&query_place_id=Ine%20Funaya%20Ine%20%28%E0%B8%95%E0%B8%AD%E0%B8%99%E0%B9%80%E0%B8%AB%E0%B8%99%E0%B8%B7%E0%B8%AD%E0%B9%80%E0%B8%81%E0%B8%B5%E0%B8%A2%E0%B8%A7%E0%B9%82%E0%B8%95%29"", ""📍 แผนที่"")"
59	"=IMAGE(""https://msp.c.yimg.jp/images/v2/FUTi93tXq405grZVGgDqG3ZNv5TdA1IXOLFGtmir9l5f_HV9YIbtRPNRZxc5dt-juC_4YFR8vxWqU1hu5KRpn2EwwbMJMuugqx9W6U4JWamcyy1Yp3AQHiMG7WI2Sz_kGALiEc2vo8Pq7-FsAzv19gA5rVAju91Rhpk-ymk4LZm5Mcb4Q7-I91QQYnyHYwah8n1W2gYKGcVmcwRgY8mlaPYlg-ppVWp4hkp1zuxfjh_PJQVfe0n_YVs5FK58NEAWoXAtSgGV-lyT6U6aV2P_xgz9APU_6jtg-AVSN-fy47HZ-frYo4b0WNfJ7weHT4nGqjGpqE_ByQfjm88_evgzvZpw8Z_in2vCNev0UCcxxwT4ON_F1wUfO9I_JERNeG3U-kEFTcC1dze4PoL8_6uz_A==/389568111.jpg"")"	Kyoto	Higashiyama / Tofukuji	Chikujō Sō (竹城荘 - ชิคุโจโซ เกียวโต)	ที่พัก / เรียวกัง	ที่พักสไตล์ญี่ปุ่นดั้งเดิม (Traditional Japanese Inn / Ryokan)	เช็คอิน 15:00 เป็นต้นไป	ที่พักบรรยากาศสงบ ใกล้วัดโทฟุคุจิและศาลเจ้าฟูชิมิอินาริ		"=HYPERLINK(""https://www.google.com/maps/search/?api=1&query=34.9745544,135.7732477&query_place_id=Chikuj%C5%8D%20S%C5%8D%20Higashiyama%20/%20Tofukuji"", ""📍 แผนที่"")"
60	"=IMAGE(""https://msp.c.yimg.jp/images/v2/tpvPBYOX1wpNVI1UoNSgEjVLPB1hcRVAwCYmiJqYluO1xo5Ni3YffO4cDQxHKem7ZNo0V9kI8Gyj_vsfWi-m6mEfpotKgsQbAwJByKmr-FR3RdGC9LV2RTOxOnXIMwAsgEKGUtMmPDos7ZA-sBQmQ6aeEHiySb__BQrLhrs8Dxeg8C7VqK_L5fTkSxTyP3948nMFz7nVFiM2REGr0KjBagVNKixraGh1teJwIXEsN7QbagL-1S4ItUp3G1aTuHNDA-QXIlpcvU083NOrV37FxINk1FqJ9eE0Kz8G6BZUDmg=/DSC04683ay.jpg"")"	Yamanashi	Hokuto (โฮคุโตะ ทางเหนือฟูจิ)	Tsusenkyo (หุบเขาซึเซ็นเคียว - 通仙峡)	สถานที่ท่องเที่ยว	หุบเขาช่องแคบธรรมชาติและจุดชมใบไม้เปลี่ยนสี (Scenic Gorge & Valley)	เปิดตลอดวัน (แนะนำชมช่วงกลางวัน)	สะพานแขวนข้ามหุบเขา วิวแม่น้ำมิตากิและธรรมชาติป่าเขา ทิวทัศน์ใบไม้เปลี่ยนสียอดนิยม		"=HYPERLINK(""https://www.google.com/maps/search/?api=1&query=35.858294,138.511784&query_place_id=Tsusenkyo%20Hokuto%20%28%E0%B9%82%E0%B8%AE%E0%B8%84%E0%B8%B8%E0%B9%82%E0%B8%95%E0%B8%B0%20%E0%B8%97%E0%B8%B2%E0%B8%87%E0%B9%80%E0%B8%AB%E0%B8%99%E0%B8%B7%E0%B8%AD%E0%B8%9F%E0%B8%B9%E0%B8%88%E0%B8%B4%29"", ""📍 แผนที่"")"
