ลำดับ,เมือง,ย่าน,ชื่อร้าน / สถานที่,ประเภท,อาหาร / จุดเด่น,เวลาเปิด-ปิด,เมนูเด็ด / ไฮไลต์,โน้ตส่วนตัว,ลิงก์ Google Maps,ลิงก์ ภาพรีวิว
1,Tokyo,Tokyo Station / Marunouchi,Hakata Kanefuku Fukutake (博多かねふく ふく竹 東京駅一番街店),ร้านอาหาร,หม้อไฟนาเบะไข่ปลาเมนไทโกะ (Motsunabe),11:00 – 22:30,"明太もつ鍋 (หม้อไฟไส้วัวโปะไข่ปลาเมนไทโกะพูนๆ ภูเขาไฟ), ไข่หวานเมนไทโกะ",,"https://www.google.com/maps/search/?api=1&query=35.6801757,139.7677249&query_place_id=Hakata%20Kanefuku%20Fukutake%20Tokyo%20Station%20/%20Marunouchi",https://www.google.com/search?tbm=isch&q=Hakata%20Kanefuku%20Fukutake%20Tokyo%20Station%20/%20Marunouchi%20japan%20food%20review
2,Tokyo,Ginza,Ginza Oishi (銀座 大石),ร้านอาหาร Fine Dining,โมเดิร์นเฟรนช์โอมากาเสะ (French-Japanese Omakase),"12:00 (กลางวัน) / 18:00 (เย็น) [ปิดจันทร์-อังคาร, ต้องจอง]","คอร์ส Omakase ฟิวชั่นฝรั่งเศสผสานวัตถุดิบพรีเมียมญี่ปุ่น (Uni, Foie Gras, Wagyu)",,"https://www.google.com/maps/search/?api=1&query=35.6720726,139.7683143&query_place_id=Ginza%20Oishi%20Ginza",https://www.google.com/search?tbm=isch&q=Ginza%20Oishi%20Ginza%20japan%20food%20review
3,Tokyo,Shinjuku,Sanrio Gift Gate Shinjuku (サンリオギフトゲート 新宿店),ช้อปปิ้ง,สินค้าคาแรกเตอร์และของที่ระลึก (Sanrio Goods),11:00 – 20:00,"สินค้า Sanrio Limited Edition, Hello Kitty, Cinnamoroll, Kuromi ชั้น 1F อาคาร Kinokuniya",,"https://www.google.com/maps/search/?api=1&query=35.6923671,139.70309&query_place_id=Sanrio%20Gift%20Gate%20Shinjuku%20Shinjuku",https://www.google.com/search?tbm=isch&q=Sanrio%20Gift%20Gate%20Shinjuku%20Shinjuku%20japan%20food%20review
4,Tokyo,Shinjuku,sanrio house Lumine Shinjuku 2 (サンリオハウス ルミネ新宿2店),ช้อปปิ้ง,สินค้าแฟชั่นและของขวัญ Sanrio สำหรับผู้ใหญ่,11:00 – 21:00,คอลเลกชันแฟชั่น เสื้อผ้า กระเป๋า และแอคเซสเซอรี Sanrio ดีไซน์มินิมอลเก๋ๆ,,"https://www.google.com/maps/search/?api=1&query=35.6894787,139.7010276&query_place_id=sanrio%20house%20Lumine%20Shinjuku%202%20Shinjuku",https://www.google.com/search?tbm=isch&q=sanrio%20house%20Lumine%20Shinjuku%202%20Shinjuku%20japan%20food%20review
5,Tokyo,Tokyo Station / Yaesu,Wagyu Itto Yakiniku Bouya (和牛一頭焼肉 房家 東京駅店),ร้านอาหาร,ปิ้งย่างเนื้อวากิว A5 (Wagyu Yakiniku),11:00 – 23:00,"เซ็ตเนื้อวากิว A5 รวมส่วนพิเศษ 4-6 ชนิด, ลิ้นวัวย่างเกลือ, ยำเนื้อดิบยุกเกะ (โซน Kurobei Yokocho)",,"https://www.google.com/maps/search/?api=1&query=35.6824223,139.7680771&query_place_id=Wagyu%20Itto%20Yakiniku%20Bouya%20Tokyo%20Station%20/%20Yaesu",https://www.google.com/search?tbm=isch&q=Wagyu%20Itto%20Yakiniku%20Bouya%20Tokyo%20Station%20/%20Yaesu%20japan%20food%20review
6,Tokyo,Ginza,OSMIC FIRST GINZA SIX店,คาเฟ่ / ขนมหวาน,ขนมหวานและผลิตภัณฑ์จากมะเขือเทศพรีเมียม (Specialty Sweets),10:30 – 20:30,"OSMIC Tomato Princess (มะเขือเทศหวานจัดคัดพิเศษระดับรางวัล), พุดดิ้งมะเขือเทศ, ฟินองเซีย",,"https://www.google.com/maps/search/?api=1&query=35.6697717,139.7639164&query_place_id=OSMIC%20FIRST%20GINZA%20SIX%E5%BA%97%20Ginza",https://www.google.com/search?tbm=isch&q=OSMIC%20FIRST%20GINZA%20SIX%E5%BA%97%20Ginza%20japan%20food%20review
7,Tokyo,Ginza,Shabusen Ginza Ten (しゃぶせん 銀座店 - EXITMELSA 8F),ร้านอาหาร,ชาบูชาบู / สุกียากี้หม้อเดี่ยว (Shabu-shabu & Sukiyaki),11:00 – 22:00,ชุดชาบูเนื้อวากิว/หมูดำคุโรบูตะหม้อเดี่ยว พร้อมน้ำจิ้มงาสูตรเด็ดเสิร์ฟพร้อมข้าวถั่วแดง,,"https://www.google.com/maps/search/?api=1&query=35.670661,139.7640411&query_place_id=Shabusen%20Ginza%20Ten%20Ginza",https://www.google.com/search?tbm=isch&q=Shabusen%20Ginza%20Ten%20Ginza%20japan%20food%20review
8,Tokyo,Ginza,Age.3 GINZA (age.3 銀座),คาเฟ่ / ขนมหวาน,แซนด์วิชขนมปังทอดไส้ครีมทะลัก (Fried Bread Cream Sandwich),11:00 – 19:00,"ขนมปังทอดกรอบไส้วิปครีมล้นๆ ไส้สตรอว์เบอร์รีสด, ชาเขียวมัทฉะถั่วแดง, สลัดไข่",,"https://www.google.com/maps/search/?api=1&query=35.6727584,139.7712945&query_place_id=Age.3%20GINZA%20Ginza",https://www.google.com/search?tbm=isch&q=Age.3%20GINZA%20Ginza%20japan%20food%20review
9,Tokyo,Ginza,Kanadaya (銀座 金田屋 - EXITMELSA 1F),ร้านขนมหวาน,ไดฟุกุผลไม้หน้าเปิดทรงเครื่องประดับ (Jewelry Fruit Daifuku),11:00 – 20:00,"ไดฟุกุผลไม้สดตกแต่งสวยงามหรูหรา (สตรอว์เบอร์รี, เมลอน, องุ่นไชน์มัสกัต) ผสานครีมชีส",,"https://www.google.com/maps/search/?api=1&query=35.6707242,139.7638483&query_place_id=Kanadaya%20Ginza",https://www.google.com/search?tbm=isch&q=Kanadaya%20Ginza%20japan%20food%20review
10,Tokyo,Ginza,PUDDING LAB Ginza (プリン研究所 銀座店 - EXITMELSA 1F),ร้านขนมหวาน,พุดดิ้งไฮเอนด์พรีเมียม (Craft Pudding Specialty),11:00 – 20:00,"Matcha Pudding Ouka (พุดดิ้งมัทฉะเกรดสูงสุดเข้มข้นลึกซึ้ง), Vanilla Pudding พร้อมซอสเลือกได้ 12 ชนิด",,"https://www.google.com/maps/search/?api=1&query=35.6706959,139.7639323&query_place_id=PUDDING%20LAB%20Ginza%20Ginza",https://www.google.com/search?tbm=isch&q=PUDDING%20LAB%20Ginza%20Ginza%20japan%20food%20review
11,Tokyo,Ginza,HIIRAGI Ginza (銀座 柊),ร้านขนมหวานญี่ปุ่น,ขนมไทยากิแป้งบางกรอบ (Taiyaki),11:00 – 19:00,"Taiyaki แป้งบางกรอบนานเป็นพิเศษ สอดไส้ถั่วแดงกวนหวานนุ่ม, ขนมปังเนยไทยากิ",,"https://www.google.com/maps/search/?api=1&query=35.669256,139.7646987&query_place_id=HIIRAGI%20Ginza%20Ginza",https://www.google.com/search?tbm=isch&q=HIIRAGI%20Ginza%20Ginza%20japan%20food%20review
12,Tokyo,Ginza,Seafood Buffet Dining Ginza Happo (銀座八芳),ร้านอาหาร / บุฟเฟต์,บุฟเฟต์ซีฟู้ด ปูยักษ์ ซูชิ เนื้อย่าง (Seafood Buffet),11:30 – 15:00 / 17:00 – 22:30,"บุฟเฟต์ขาปูยักษ์ทาราบะและซูไวคานิไม่อั้น, ซูชิปลาดิบสด, หอยเชลล์ย่างเนย, เนื้อวากิว",,"https://www.google.com/maps/search/?api=1&query=35.6672123,139.7618203&query_place_id=Seafood%20Buffet%20Dining%20Ginza%20Happo%20Ginza",https://www.google.com/search?tbm=isch&q=Seafood%20Buffet%20Dining%20Ginza%20Happo%20Ginza%20japan%20food%20review
13,Tokyo,Ginza,USHIGORO S. GINZA (うしごろ エス 銀座),ร้านอาหาร Fine Dining,เนื้อย่างยากินิกุห้องส่วนตัวระดับอัลตร้าลักชัวรี (Wagyu Yakiniku),12:00 – 15:00 / 17:00 – 23:30,"คอร์สเนื้อวากิวสายพันธุ์ทาจิมะแท้ มีเชฟย่างให้ส่วนตัว, ข้าวหม้อดินเนื้อวากิวทรัฟเฟิลดำ",,"https://www.google.com/maps/search/?api=1&query=35.6693111,139.7620223&query_place_id=USHIGORO%20S.%20GINZA%20Ginza",https://www.google.com/search?tbm=isch&q=USHIGORO%20S.%20GINZA%20Ginza%20japan%20food%20review
14,Tokyo,Ginza,Quil Fait Bon Grand Maison Ginza (キルフェボン グランメゾン銀座),คาเฟ่ / ขนมหวาน,ทาร์ตผลไม้สดพรีเมียม (Fresh Fruit Tart),11:00 – 19:00,"Seasonal Fresh Fruit Tart (ทาร์ตผลไม้รวมสดตามฤดูกาล), ทาร์ตสตรอว์เบอร์รีสีขาว, ทาร์ตชีสมัทฉะ",,"https://www.google.com/maps/search/?api=1&query=35.6740612,139.767203&query_place_id=Quil%20Fait%20Bon%20Grand%20Maison%20Ginza%20Ginza",https://www.google.com/search?tbm=isch&q=Quil%20Fait%20Bon%20Grand%20Maison%20Ginza%20Ginza%20japan%20food%20review
15,Tokyo,Ginza,Kakuōzan Furūtsu Daifuku Benzaiten (覚王山フルーツ大福 弁才天 銀座店),ร้านขนมหวาน,ไดฟุกุผลไม้สดทั้งลูก (Fruit Daifuku),10:00 – 19:00,"ไดฟุกุส้มแมนดารินทั้งลูก, ไดฟุกุสตรอว์เบอร์รี, ไดฟุกุกีวี (มีเส้นด้ายไหมให้ตัดโชว์หน้าตัดสวยงาม)",,"https://www.google.com/maps/search/?api=1&query=35.6701838,139.7679059&query_place_id=Kaku%C5%8Dzan%20Fur%C5%ABtsu%20Daifuku%20Benzaiten%20Ginza",https://www.google.com/search?tbm=isch&q=Kaku%C5%8Dzan%20Fur%C5%ABtsu%20Daifuku%20Benzaiten%20Ginza%20japan%20food%20review
16,Tokyo,Ginza,Centre The Bakery (セントル ザ・ベーカリー 銀座),คาเฟ่ / เบเกอรี่,ขนมปังปอนด์โชคุปังพรีเมียม (Shokupan & Sandwiches),10:00 – 19:00,"Shokupan Tasting Set (เปรียบเทียบขนมปัง 3 แบบพร้อมปิ้งเองที่โต๊ะ), หมูทอดคัตสึแซนด์",,"https://www.google.com/maps/search/?api=1&query=35.6755334,139.7665952&query_place_id=Centre%20The%20Bakery%20Ginza",https://www.google.com/search?tbm=isch&q=Centre%20The%20Bakery%20Ginza%20japan%20food%20review
17,Tokyo,Ginza,Kaitenzushi Nemuro Hanamaru Ginza (根室花まる 銀座店),ร้านอาหาร,ซูชิสายพานฮอกไกโด (Conveyor Belt Sushi),11:00 – 22:00,"ซูชิหอยเชลล์โฮตาเตะหวานสดชิ้นโต, ซูชิไข่ปลาแซลมอนพูนๆ, ซุปปูฮันซากิ (Tokyu Plaza 10F)",,"https://www.google.com/maps/search/?api=1&query=35.6722448,139.7624127&query_place_id=Kaitenzushi%20Nemuro%20Hanamaru%20Ginza%20Ginza",https://www.google.com/search?tbm=isch&q=Kaitenzushi%20Nemuro%20Hanamaru%20Ginza%20Ginza%20japan%20food%20review
18,Tokyo,Ginza,Cloud Club Matcha (クラウドクラブ 抹茶 銀座),คาเฟ่,เครื่องดื่มมัทฉะและขนมหวานชาเขียว (Matcha Specialty),11:00 – 19:00,"Cloud Matcha Latte (มัทฉะเกรดพิธีการพร้อมฟองนุ่มละมุน), พุดดิ้งชาเขียวมัทฉะเข้มข้น",,"https://www.google.com/maps/search/?api=1&query=35.6703058,139.7698228&query_place_id=Cloud%20Club%20Matcha%20Ginza",https://www.google.com/search?tbm=isch&q=Cloud%20Club%20Matcha%20Ginza%20japan%20food%20review
19,Tokyo,Ginza,Tonkatsu Ginza Bairin Honten (銀座梅林 本店),ร้านอาหาร,ทงคัตสึหมูทอดในตำนาน (Historic Tonkatsu ตั้งแต่ 1927),11:00 – 21:00,"Special Hirekatsu (ทงคัตสึสันในพิเศษกรอบนอกนุ่มฉ่ำ), Special Katsudon ไข่เยิ้ม, คัตสึแซนด์",,"https://www.google.com/maps/search/?api=1&query=35.6695863,139.7627483&query_place_id=Tonkatsu%20Ginza%20Bairin%20Honten%20Ginza",https://www.google.com/search?tbm=isch&q=Tonkatsu%20Ginza%20Bairin%20Honten%20Ginza%20japan%20food%20review
20,Tokyo,Ginza,Ginza Tenkuni (銀座 天國 本店),ร้านอาหาร,ข้าวหน้าเทมปุระเอโดะ (Historic Tempura ก่อตั้ง 1885),11:30 – 22:00,"Edomae Tendon (ข้าวหน้าเทมปุระรวมซอสเข้มข้นหอมกรุ่นสูตรโบราณ), เทมปุระกุ้งลายเสือทอดสด",,"https://www.google.com/maps/search/?api=1&query=35.6676662,139.7628011&query_place_id=Ginza%20Tenkuni%20Ginza",https://www.google.com/search?tbm=isch&q=Ginza%20Tenkuni%20Ginza%20japan%20food%20review
21,Tokyo,Tokyo Station / Yaesu,Sumiyaki Unafuji (炭焼 うな富士 東京ミッドタウン八重洲店),ร้านอาหาร,ข้าวหน้าปลาไหลย่างถ่านสไตล์นาโกย่า (Michelin-listed Hitsumabushi),11:00 – 22:00,"Jyo Hitsumabushi (ฮิตสึมาบุชิปลาไหลย่างเตาถ่าน 3 สไตล์), ตับปลาไหลย่างเตาถ่านหอมกรุ่น",,"https://www.google.com/maps/search/?api=1&query=35.6794084,139.7689311&query_place_id=Sumiyaki%20Unafuji%20Tokyo%20Station%20/%20Yaesu",https://www.google.com/search?tbm=isch&q=Sumiyaki%20Unafuji%20Tokyo%20Station%20/%20Yaesu%20japan%20food%20review
22,Tokyo,Shibuya / Ginza,Ginza Kanra (銀座甘楽 - Shibuya Scramble Square B2),ร้านขนมหวานญี่ปุ่น,ขนมหวานญี่ปุ่นดั้งเดิม วากาชิ (Traditional Wagashi),10:00 – 21:00,"Ginga Mame Daifuku (ไดฟุกุถั่วแดงแป้งนุ่มหนึบตัดเกลือพอดีอันโด่งดัง), โดรายากิไส้ถั่วแดงเนียน",,"https://www.google.com/maps/search/?api=1&query=35.6584638,139.7022621&query_place_id=Ginza%20Kanra%20Shibuya%20/%20Ginza",https://www.google.com/search?tbm=isch&q=Ginza%20Kanra%20Shibuya%20/%20Ginza%20japan%20food%20review
23,Tokyo,Tokyo Station / Marunouchi,BUTTER - Biei Pasture Dairy Farm (丸の内ビル B1),คาเฟ่ / เบเกอรี่,เนยสดและผลิตภัณฑ์นมฮอกไกโด (Biei Hokkaido Butter Cafe),11:00 – 21:00 (อาทิตย์ปิด 20:00),"Butter Pancake แพนเค้กชุ่มเนยสดเกรดพรีเมียมจากฟาร์มบิเอะ, Biei Milk Soft Serve",,"https://www.google.com/maps/search/?api=1&query=35.6807194,139.7636391&query_place_id=BUTTER%20-%20Biei%20Pasture%20Dairy%20Farm%20Tokyo%20Station%20/%20Marunouchi",https://www.google.com/search?tbm=isch&q=BUTTER%20-%20Biei%20Pasture%20Dairy%20Farm%20Tokyo%20Station%20/%20Marunouchi%20japan%20food%20review
24,Tokyo,Ginza,Ginza Tsuboyaki-imo (銀座 つぼやきいも),ร้านขนมหวาน,มันหวานญี่ปุ่นเผาโอ่งดินเผา (Tsubo Roasted Sweet Potato),"12:00 – 22:00 (เสาร์-อาทิตย์ถึง 19:00, ปิดจันทร์)",Tsubo Yaki-imo (มันเผาหวานฉ่ำเนื้อเนียนเยิ้มคาราเมล ละลายในปาก),มันหวาน,"https://www.google.com/maps/search/?api=1&query=35.6697495,139.7620837&query_place_id=Ginza%20Tsuboyaki-imo%20Ginza",https://www.google.com/search?tbm=isch&q=Ginza%20Tsuboyaki-imo%20Ginza%20japan%20food%20review
25,Osaka,Shinsaibashi / Minamisenba,Mugi x Tori (麦×鶏 - มูกิ โทะ โทริ),ร้านอาหาร,ราเมนซุปไก่ฟองฟูและเมนไทโกะ (Chicken Paitan Ramen),11:00 – 15:00 / 18:00 – 21:30,Mentaiko Paitan Ramen (ราเมนฟองโฟมซุปไก่เข้มข้นผสมไข่ปลาเมนไทโกะ),ราเมนเมนไทโกะอร่อย,"https://www.google.com/maps/search/?api=1&query=34.6779054,135.5025021&query_place_id=Mugi%20x%20Tori%20Shinsaibashi%20/%20Minamisenba",https://www.google.com/search?tbm=isch&q=Mugi%20x%20Tori%20Shinsaibashi%20/%20Minamisenba%20japan%20food%20review
26,Osaka,Nakazakicho / Umeda,mitarashi Fu-Do NAKAZAKI カフェ,คาเฟ่ / ขนมหวาน,ดังโงะย่างซอสหวานเค็มญี่ปุ่น (Mitarashi Dango Cafe),11:00 – 18:00 (ปิดวันพุธ),"Mitarashi Dango (ดังโงะย่างสดร้อนๆ ซอสหวานเค็มยืดๆ นุ่มหนึบ), ชาเขียวมัทฉะ",,"https://www.google.com/maps/search/?api=1&query=34.7085983,135.5031664&query_place_id=mitarashi%20Fu-Do%20NAKAZAKI%20%E3%82%AB%E3%83%95%E3%82%A7%20Nakazakicho%20/%20Umeda",https://www.google.com/search?tbm=isch&q=mitarashi%20Fu-Do%20NAKAZAKI%20%E3%82%AB%E3%83%95%E3%82%A7%20Nakazakicho%20/%20Umeda%20japan%20food%20review
27,Osaka,Shinsaibashi / Minamisenba,Onigiri Gorichan (おにぎり ごりちゃん 心斎橋店),ร้านอาหาร,ข้าวปั้นโอนิกิริทำสดไส้ล้น (Handmade Onigiri),11:00 – 20:00,"โอนิกิริไส้แซลมอน+ไข่ปลาแซลมอน (Sake Oyako), ข้าวปั้นไข่แดงดองโชยุหมูสับ",,"https://www.google.com/maps/search/?api=1&query=34.6758595,135.5021961&query_place_id=Onigiri%20Gorichan%20Shinsaibashi%20/%20Minamisenba",https://www.google.com/search?tbm=isch&q=Onigiri%20Gorichan%20Shinsaibashi%20/%20Minamisenba%20japan%20food%20review
28,Osaka,Namba,Gokai Standing Sushi Bar Namba Nankaidori (豪快立ち寿司 難波南海通り店),ร้านอาหาร,ซูชิยืนกินหน้าล้นจาน (Standing Sushi Bar),11:30 – 23:00,"Uni & Ikura Kobore Sushi (ซูชิหน้าไข่หอยเม่นและไข่ปลาแซลมอนล้นทะลักจาน), ซาชิมิมากุโระ",,"https://www.google.com/maps/search/?api=1&query=34.6651866,135.5023056&query_place_id=Gokai%20Standing%20Sushi%20Bar%20Namba%20Nankaidori%20Namba",https://www.google.com/search?tbm=isch&q=Gokai%20Standing%20Sushi%20Bar%20Namba%20Nankaidori%20Namba%20japan%20food%20review
29,Osaka,Umeda,grenier Umeda (グルニエ 阪急グランドビル 1F),คาเฟ่ / เบเกอรี่,มิลเฟยกรอบครีมเบิร์นไฟ (Brulee Mille-Feuille),10:00 – 20:00,"Brulee Mille-Feuille (พัฟมิลเฟยกรอบกรุบสอดไส้คัสตาร์ดเบิร์นไฟหอมกรุ่น), มิลเฟยสตรอว์เบอร์รี",,"https://www.google.com/maps/search/?api=1&query=34.7035422,135.4991909&query_place_id=grenier%20Umeda%20Umeda",https://www.google.com/search?tbm=isch&q=grenier%20Umeda%20Umeda%20japan%20food%20review
30,Osaka,Umeda / Nishi-Umeda,Shabutei Nishi Umeda (しゃぶ亭 西梅田店),ร้านอาหาร,ชาบูชาบูหม้อเดี่ยว (Individual Shabu-shabu),11:00 – 15:00 / 17:00 – 23:00,"น้ำจิ้มงาสูตรลับบดสดรสชาติหอมมันเข้มข้น, ชุดเนื้อวากิวและหมูคุโรบูตะสไลซ์บางนุ่ม",,"https://www.google.com/maps/search/?api=1&query=34.6992842,135.4952294&query_place_id=Shabutei%20Nishi%20Umeda%20Umeda%20/%20Nishi-Umeda",https://www.google.com/search?tbm=isch&q=Shabutei%20Nishi%20Umeda%20Umeda%20/%20Nishi-Umeda%20japan%20food%20review
31,Osaka,Shinsekai,Magic Cafe & Bar Shinsekai (マジックカフェ＆バー 新世界),คาเฟ่บาร์ / ความบันเทิง,เครื่องดื่ม ค็อกเทล และโชว์มายากลระยะประชิด (Magic Bar),13:00 – 23:00,โชว์ Close-up Magic ระยะประชิดสุดตื่นตาตื่นใจ พร้อมเครื่องดื่มค็อกเทลและม็อกเทล,,"https://www.google.com/maps/search/?api=1&query=34.6504725,135.5065096&query_place_id=Magic%20Cafe%20%26%20Bar%20Shinsekai%20Shinsekai",https://www.google.com/search?tbm=isch&q=Magic%20Cafe%20%26%20Bar%20Shinsekai%20Shinsekai%20japan%20food%20review
32,Osaka,Nakazakicho,neel nakazakicho (คาเฟ่ นีล นาคาซากิโจ),คาเฟ่,เครปฝรั่งเศส คัตสึแซนด์ กาแฟ (Boutique Cafe),10:00 – 20:30,"Sugar Butter Crepe (เครปเนยน้ำตาลกรอบนอกนุ่มหนึบทรงสามเหลี่ยม), Katsu Sando ลูกแพร์",,"https://www.google.com/maps/search/?api=1&query=34.7087745,135.5034573&query_place_id=neel%20nakazakicho%20Nakazakicho",https://www.google.com/search?tbm=isch&q=neel%20nakazakicho%20Nakazakicho%20japan%20food%20review
33,Osaka,Umeda,Unagi Kushiyaki Izumo (うなぎ 串焼き いづも ルクアバルチカ),ร้านอาหาร,ข้าวหน้าปลาไหลและเสียบไม้ย่าง (Unagi Restaurant),11:00 – 23:00,Unatama Don (ข้าวหน้าปลาไหลชิ้นโตวางบนไข่ม้วนดาชิยักษ์พูนชาม) ห้าง LUCUA B2F,ข้าวหน้าปลาไหล อร่อย,"https://www.google.com/maps/search/?api=1&query=34.703138,135.4954255&query_place_id=Unagi%20Kushiyaki%20Izumo%20Umeda",https://www.google.com/search?tbm=isch&q=Unagi%20Kushiyaki%20Izumo%20Umeda%20japan%20food%20review
34,Osaka,Namba,Onigiri Gorichan Nankai Namba (おにぎり ごりちゃん 南海なんば駅 3F),ร้านอาหาร,ข้าวปั้นโอนิกิริปั้นสด (Handmade Onigiri),07:30 – 21:00,"ข้าวปั้นแซลมอนมาโยไข่กุ้ง, ข้าวปั้นไข่แดงดองโชยุหมูผัดมิโซะ (ชั้น 3F สถานี Nankai Namba)",โอนิกิริ อร่อย,"https://www.google.com/maps/search/?api=1&query=34.66411,135.5013808&query_place_id=Onigiri%20Gorichan%20Nankai%20Namba%20Namba",https://www.google.com/search?tbm=isch&q=Onigiri%20Gorichan%20Nankai%20Namba%20Namba%20japan%20food%20review
35,Osaka,Honmachi / Awajimachi,Hakugintei (白銀亭 - ฮะคุงินเท),ร้านอาหาร,ข้าวแกงกะหรี่รสเผ็ดหวานสไตล์โอซาก้า (Curry Specialty),11:45 – 15:00 (เปิดเฉพาะเที่ยง ปิดอาทิตย์),Tonkatsu Curry + Cheese + Raw Egg (ข้าวแกงกะหรี่หมูทอดท็อปไข่ดิบและชีส),แกงกะหรั่ดังคนไทย,"https://www.google.com/maps/search/?api=1&query=34.6869253,135.4993977&query_place_id=Hakugintei%20Honmachi%20/%20Awajimachi",https://www.google.com/search?tbm=isch&q=Hakugintei%20Honmachi%20/%20Awajimachi%20japan%20food%20review
36,Osaka,Namba / Sennichimae,Tempura Tarojiro (天ぷら 太郎次郎),ร้านอาหาร,เทมปุระทอดสดกรอบไม่อมน้ำมัน (Tempura Izakaya),17:00 – 23:30 (ปิดวันจันทร์),"เทมปุระกุ้งตัวโต, ไข่ต้มเทมปุระยางมะตูม, ผักตามฤดูกาลทอดเสิร์ฟร้อนๆ คู่เกลือหลากรส",Tempura อร่อย,"https://www.google.com/maps/search/?api=1&query=34.6678979,135.503683&query_place_id=Tempura%20Tarojiro%20Namba%20/%20Sennichimae",https://www.google.com/search?tbm=isch&q=Tempura%20Tarojiro%20Namba%20/%20Sennichimae%20japan%20food%20review
37,Osaka,Rinku Town / Izumisano,Rinku Premium Outlets (りんくうプレミアム・アウトレット),ช้อปปิ้ง,เอาต์เล็ตมอลล์ขนาดใหญ่ริมทะเล (Shopping Outlet),10:00 – 20:00,แหล่งช้อปปิ้งแบรนด์เนม แฟชั่น กีฬากว่า 250 ร้านค้า ใกล้สนามบินคันไซ พร้อมวิวอ่าวโอซาก้า,,"https://www.google.com/maps/search/?api=1&query=34.4064643,135.2954403&query_place_id=Rinku%20Premium%20Outlets%20Rinku%20Town%20/%20Izumisano",https://www.google.com/search?tbm=isch&q=Rinku%20Premium%20Outlets%20Rinku%20Town%20/%20Izumisano%20japan%20food%20review
38,Osaka,Temma / Ogimachi,Doshintei (同心亭 - ปิ้งย่างโดชินเท),ร้านอาหาร,เนื้อย่างยากินิกุเนื้อวากิวสไตล์โลคอล (Wagyu Yakiniku),17:00 – 23:00 (ปิดวันจันทร์),"ลิ้นวัวหั่นหนาพิเศษ (Thick-cut Gyutan), เนื้อคารูบิลายหินอ่อน, เนื้อฮารามิราคาสุดคุ้ม",,"https://www.google.com/maps/search/?api=1&query=34.7030127,135.5173128&query_place_id=Doshintei%20Temma%20/%20Ogimachi",https://www.google.com/search?tbm=isch&q=Doshintei%20Temma%20/%20Ogimachi%20japan%20food%20review
39,Osaka,Tennoji,Shitennoji (วัดชิเทนโนจิ - 四天王寺),สถานที่ท่องเที่ยว,วัดพุทธโบราณแห่งแรกของญี่ปุ่น (Historic Buddhist Temple),08:30 – 16:30,"เจดีย์ 5 ชั้นเก่าแก่, สวนสวรรค์โกคุราคุโจโด, บรรยากาศประวัติศาสตร์กว่า 1,400 ปี",,"https://www.google.com/maps/search/?api=1&query=34.6547142,135.5169464&query_place_id=Shitennoji%20Tennoji",https://www.google.com/search?tbm=isch&q=Shitennoji%20Tennoji%20japan%20food%20review
40,Osaka,Shinsaibashi,Shinsaibashi Ujien honten (宇治園 心斎橋本店),คาเฟ่ / ขนมหวาน,ชาเขียวอุจิและขนมญี่ปุ่นโบราณ (Uji Matcha Specialty),10:00 – 20:00,"Matcha & Hojicha Parfait, มงบล็องชาเขียวบีบสดใหม่, ซอฟต์เสิร์ฟมัทฉะเข้มข้น (ก่อตั้ง 1869)",,"https://www.google.com/maps/search/?api=1&query=34.6731316,135.5015213&query_place_id=Shinsaibashi%20Ujien%20honten%20Shinsaibashi",https://www.google.com/search?tbm=isch&q=Shinsaibashi%20Ujien%20honten%20Shinsaibashi%20japan%20food%20review
41,Osaka,Kuromon Market / Namba,Maguroya Kurogin Kuromon (まぐろや黒銀 黒門市場本店),ร้านอาหาร,ข้าวหน้าปลาทูน่าสด ซาชิมิโอโทโร่ (Tuna Specialty),09:00 – 16:00 (หรือจนกว่าของจะหมด),"Sanshu Don (ข้าวหน้าทูน่า 3 ส่วน โอโทโร่ ชูโทโร่ อากามิ), ซูชิโรลโอโทโร่เบิร์นไฟ",,"https://www.google.com/maps/search/?api=1&query=34.6645566,135.5069356&query_place_id=Maguroya%20Kurogin%20Kuromon%20Kuromon%20Market%20/%20Namba",https://www.google.com/search?tbm=isch&q=Maguroya%20Kurogin%20Kuromon%20Kuromon%20Market%20/%20Namba%20japan%20food%20review
42,Osaka,Fukushima,Moeyo Mensuke Ramen (燃えよ 麺助),ร้านอาหาร,ราเมนซุปเป็ดและซุปหอยยอดนิยม (Award-winning Ramen),11:00 – 15:00 / 17:30 – 21:00 (ปิดวันจันทร์),"Kamo Soba (ราเมนซุปเป็ดคิชูอบควัน หอมละมุน หมูชาชูนุ่ม), Kai Soba (ราเมนซุปหอยรสหวานกลมกล่อม)",,"https://www.google.com/maps/search/?api=1&query=34.6963581,135.4868588&query_place_id=Moeyo%20Mensuke%20Ramen%20Fukushima",https://www.google.com/search?tbm=isch&q=Moeyo%20Mensuke%20Ramen%20Fukushima%20japan%20food%20review
43,Osaka,Namba,Osaka Takashimaya (大阪高島屋),ช้อปปิ้ง,ห้างสรรพสินค้าและศูนย์รวมอาหารชั้นใต้ดิน (Department Store / Depachika),10:00 – 20:00 (ร้านอาหารชั้นบนถึง 23:00),"แหล่งรวมขนมของฝากพรีเมียมทั่วญี่ปุ่นชั้น B1, แบรนด์เนม แฟชั่น และร้านอาหารชื่อดัง",,"https://www.google.com/maps/search/?api=1&query=34.6646089,135.5012633&query_place_id=Osaka%20Takashimaya%20Namba",https://www.google.com/search?tbm=isch&q=Osaka%20Takashimaya%20Namba%20japan%20food%20review
44,Osaka,Shinsaibashi,PARCO GALLERY OSAKA (心斎橋PARCO 14F),สถานที่ท่องเที่ยว,แกลเลอรีศิลปะและนิทรรศการป๊อปคัลเจอร์ (Art Gallery & Exhibition),10:00 – 20:00,พื้นที่จัดนิทรรศการศิลปะร่วมสมัย ป๊อปอาร์ต อนิเมะ และสินค้าลิมิเต็ดหมุนเวียน,,"https://www.google.com/maps/search/?api=1&query=34.6738705,135.5007267&query_place_id=PARCO%20GALLERY%20OSAKA%20Shinsaibashi",https://www.google.com/search?tbm=isch&q=PARCO%20GALLERY%20OSAKA%20Shinsaibashi%20japan%20food%20review
45,Osaka,Minoh,Katsuoji (วัดคัตสึโอจิ - 勝尾寺),สถานที่ท่องเที่ยว,วัดแห่งชัยชนะและตุ๊กตาดารุมะนับหมื่นตัว (Temple of Good Fortune),08:00 – 17:00 (เสาร์-อาทิตย์ถึง 18:00),วัดขอพรชัยชนะ โอบล้อมด้วยตุ๊กตาดารุมะสีแดงนับหมื่นตัวทั่ววัด ทิวทัศน์ธรรมชาติสวยงาม,,"https://www.google.com/maps/search/?api=1&query=34.8657752,135.491087&query_place_id=Katsuoji%20Minoh",https://www.google.com/search?tbm=isch&q=Katsuoji%20Minoh%20japan%20food%20review
46,Osaka,Tennoji / Abeno,Harukas 300 (จุดชมวิว ฮารุกัส 300 - Abeno Harukas),สถานที่ท่องเที่ยว,จุดชมวิวตึกระฟ้า 360 องศา (Observatory Deck ชั้น 58-60),09:00 – 22:00,ชมทัศนียภาพเมืองโอซาก้าแบบพาโนรามา 360 องศาทั้งกลางวันและแสงสียามค่ำคืน,,"https://www.google.com/maps/search/?api=1&query=34.6463062,135.5133091&query_place_id=Harukas%20300%20Tennoji%20/%20Abeno",https://www.google.com/search?tbm=isch&q=Harukas%20300%20Tennoji%20/%20Abeno%20japan%20food%20review
47,Osaka,Kizu Market / Namba,Uoichi Shokudo (魚市食堂 - ตลาดปลาคิซุ),ร้านอาหาร,ข้าวหน้าปลาดิบซีฟู้ดดงบุริสดจากตลาดเช้า (Seafood Donburi),06:00 – 13:00 (ปิดพุธและอาทิตย์),Tokusen Kaisendon (ข้าวหน้าปลาดิบรวมพรีเมียม โปะอูนิ โฮตาเตะ แซลมอน ทูน่า กุ้งหวาน),,"https://www.google.com/maps/search/?api=1&query=34.6570455,135.4996569&query_place_id=Uoichi%20Shokudo%20Kizu%20Market%20/%20Namba",https://www.google.com/search?tbm=isch&q=Uoichi%20Shokudo%20Kizu%20Market%20/%20Namba%20japan%20food%20review
48,Osaka,Naniwa / Namba,Osaka Kizu Wholesale Market (ตลาดค้าส่งคิซุ - 大阪木津卸売市場),สถานที่ท่องเที่ยว / ตลาดสด,ตลาดปลาและผลไม้สดขายส่งท้องถิ่น (Local Wholesale Fish Market),05:00 – 12:00 (เช้าตรู่ ปิดพุธและอาทิตย์),เดินชิมอาหารทะเลสด ซาชิมิ ปลาดิบ สตรอว์เบอร์รีและองุ่นญี่ปุ่นคัดเกรดประมูล,,"https://www.google.com/maps/search/?api=1&query=34.6573279,135.5001719&query_place_id=Osaka%20Kizu%20Wholesale%20Market%20Naniwa%20/%20Namba",https://www.google.com/search?tbm=isch&q=Osaka%20Kizu%20Wholesale%20Market%20Naniwa%20/%20Namba%20japan%20food%20review
49,Osaka,Shinsaibashi,Rikimaru Shinsaibashi (爐ばた焼 力丸 心斎橋店),ร้านอาหาร,โรบาตายากิ ปิ้งย่างเตาถ่านเสิร์ฟด้วยไม้พายยาว (Robatayaki Izakaya),16:00 – 23:00,"หอยเชลล์โฮตาเตะย่างเนยโชยุ, กุ้งลายเสือย่างเกลือ, ไก่และผักเสียบไม้ย่างถ่าน ราคาสุดคุ้ม",,"https://www.google.com/maps/search/?api=1&query=34.6718068,135.5022053&query_place_id=Rikimaru%20Shinsaibashi%20Shinsaibashi",https://www.google.com/search?tbm=isch&q=Rikimaru%20Shinsaibashi%20Shinsaibashi%20japan%20food%20review
50,Osaka,Namba,Shabuwara Namba Grand Kagetsu (しゃぶ笑 なんばグランド花月店),ร้านอาหาร,ชาบูชาบูหม้อเดี่ยว (Individual Shabu-shabu),11:00 – 22:00,ชุดชาบูเนื้อวัวคุโรเกะวากิวหม้อเดี่ยว เสิร์ฟพร้อมบาร์ผักสดและข้าวไม่อั้น (ชั้น 1F Namba Grand Kagetsu),,"https://www.google.com/maps/search/?api=1&query=34.665108,135.50363&query_place_id=Shabuwara%20Namba%20Grand%20Kagetsu%20Namba",https://www.google.com/search?tbm=isch&q=Shabuwara%20Namba%20Grand%20Kagetsu%20Namba%20japan%20food%20review
51,Osaka,Namba / Sennichimae,Tempura Makino Namba (天ぷら まきの 難波千日前店),ร้านอาหาร,เทมปุระทอดสดเสิร์ฟทีละชิ้น (Freshly-fried Tempura),11:00 – 22:00,"Makino Teishoku (เซ็ตเทมปุระรวมพร้อมไข่ต้มเทมปุระเยิ้มๆ คลุกข้าวสวยโรยพริกไทยดำ), กุ้งและหอยนางรม",,"https://www.google.com/maps/search/?api=1&query=34.6664593,135.5019007&query_place_id=Tempura%20Makino%20Namba%20Namba%20/%20Sennichimae",https://www.google.com/search?tbm=isch&q=Tempura%20Makino%20Namba%20Namba%20/%20Sennichimae%20japan%20food%20review
52,Osaka,Rinku Town / Izumisano,Rinku Marble Beach (หาดหินอ่อนรินคู - りんくうマーブルビーチ),สถานที่ท่องเที่ยว,หาดหินอ่อนสีขาวและสวนสาธารณะริมทะเล (Seaside Beach & Sunset Spot),เปิด 24 ชั่วโมง,หาดหินอ่อนสีขาวทอดยาว จุดชมพระอาทิตย์ตกดินติดอันดับ 1 ใน 100 ของญี่ปุ่น วิวเครื่องบินขึ้นลง,,"https://www.google.com/maps/search/?api=1&query=34.4036344,135.2890674&query_place_id=Rinku%20Marble%20Beach%20Rinku%20Town%20/%20Izumisano",https://www.google.com/search?tbm=isch&q=Rinku%20Marble%20Beach%20Rinku%20Town%20/%20Izumisano%20japan%20food%20review
53,Osaka,Rinku Town / Izumisano,Rinku Town (รินคูทาวน์ - 臨空タウン),สถานที่ท่องเที่ยว / ช้อปปิ้ง,เมืองท่องเที่ยวริมทะเล ช้อปปิ้ง และชิงช้าสวรรค์ (Waterfront Commercial Town),10:00 – 20:00,"ชิงช้าสวรรค์ยักษ์ Rinku no Hoshi, ช้อปปิ้งมอลล์ Seacle และ Outlet ริมอ่าว",,"https://www.google.com/maps/search/?api=1&query=34.4103498,135.2998223&query_place_id=Rinku%20Town%20Rinku%20Town%20/%20Izumisano",https://www.google.com/search?tbm=isch&q=Rinku%20Town%20Rinku%20Town%20/%20Izumisano%20japan%20food%20review
54,Kyoto,Karasuma Oike / Nakagyo,(THISIS)SHIZEN (ディス イズ シゼン - 新風館 1F),คาเฟ่ / ขนมหวาน,ไอศกรีมศิลปะช่อดอกไม้ถั่วแดงกวน (Botanical Sweets),10:00 – 19:00,Ice Bouquet (ไอศกรีมซอฟต์เสิร์ฟประดับกลีบดอกไม้แกะสลักจากถั่วแดงกวน สวยงามและอร่อย),,"https://www.google.com/maps/search/?api=1&query=35.009357,135.7599419&query_place_id=%20Karasuma%20Oike%20/%20Nakagyo",https://www.google.com/search?tbm=isch&q=%20Karasuma%20Oike%20/%20Nakagyo%20japan%20food%20review
55,Kyoto,Kawaramachi / Shijo,Kawaramachi-dori St (ถนนคาวารามาจิ - 河原町通り),สถานที่ท่องเที่ยว / ช้อปปิ้ง,ถนนช้อปปิ้งใจกลางเมืองเกียวโต (Shopping & Cultural Street),เปิด 24 ชั่วโมง (ร้านค้า 10:30 – 20:00),"แหล่งรวมห้างดัง (BAL, Takashimaya), ร้านค้า, คาเฟ่ริมคลองทาคาสะ และแม่น้ำคาโมะ",,"https://www.google.com/maps/search/?api=1&query=35.0016984,135.7689646&query_place_id=Kawaramachi-dori%20St%20Kawaramachi%20/%20Shijo",https://www.google.com/search?tbm=isch&q=Kawaramachi-dori%20St%20Kawaramachi%20/%20Shijo%20japan%20food%20review
56,Kyoto,Shimogyo / Kyoto Station,Totaro (藤太郎 - โททาโร่ เกียวโต),ร้านอาหาร,โอเด้งและอาหารพื้นบ้านเกียวโต (Kyoto Obanzai & Oden Izakaya),17:00 – 23:00 (ปิดวันอาทิตย์),"โอเด้งน้ำซุปดาชิใส หัวไชเท้าต้มฉ่ำ, ปลาดิบตามฤดูกาล, เมนูต้มตุ๋นสไตล์โอบันไซ",,"https://www.google.com/maps/search/?api=1&query=34.9941419,135.7617536&query_place_id=Totaro%20Shimogyo%20/%20Kyoto%20Station",https://www.google.com/search?tbm=isch&q=Totaro%20Shimogyo%20/%20Kyoto%20Station%20japan%20food%20review
57,Kyoto,Miyazu (ตอนเหนือเกียวโต),Amanohashidate (สะพานสู่อัศจรรย์ อามาโนะฮาชิดาเตะ - 天橋立),สถานที่ท่องเที่ยว,1 ใน 3 ทิวทัศน์ที่งดงามที่สุดของญี่ปุ่น (Three Views of Japan),สันทรายเปิดตลอดเวลา (กระเช้า View Land 09:00 – 17:00),"แนวสันทรายต้นสนยาว 3.6 กม., วิวมังกรเหินฟ้าผ่านหว่างขา (Matanozoki)",,"https://www.google.com/maps/search/?api=1&query=35.5698022,135.1918204&query_place_id=Amanohashidate%20Miyazu%20%28%E0%B8%95%E0%B8%AD%E0%B8%99%E0%B9%80%E0%B8%AB%E0%B8%99%E0%B8%B7%E0%B8%AD%E0%B9%80%E0%B8%81%E0%B8%B5%E0%B8%A2%E0%B8%A7%E0%B9%82%E0%B8%95%29",https://www.google.com/search?tbm=isch&q=Amanohashidate%20Miyazu%20%28%E0%B8%95%E0%B8%AD%E0%B8%99%E0%B9%80%E0%B8%AB%E0%B8%99%E0%B8%B7%E0%B8%AD%E0%B9%80%E0%B8%81%E0%B8%B5%E0%B8%A2%E0%B8%A7%E0%B9%82%E0%B8%95%29%20japan%20food%20review
58,Kyoto,Ine (ตอนเหนือเกียวโต),Ine Funaya (หมู่บ้านชาวประมงอิเนะ ฟุนายะ - 伊根の舟屋),สถานที่ท่องเที่ยว,หมู่บ้านชาวประมงโบราณริมอ่าว (Traditional Fishing Village),เดินชมได้ตลอด (เรือนำเที่ยว 09:00 – 16:00),"บ้านเรือนฟุนายะริมน้ำกว่า 230 หลัง, นั่งเรือชมอ่าวให้อาหารนกนางนวล, คาเฟ่ริมทะเล Ine Cafe",,"https://www.google.com/maps/search/?api=1&query=35.6751496,135.2727148&query_place_id=Ine%20Funaya%20Ine%20%28%E0%B8%95%E0%B8%AD%E0%B8%99%E0%B9%80%E0%B8%AB%E0%B8%99%E0%B8%B7%E0%B8%AD%E0%B9%80%E0%B8%81%E0%B8%B5%E0%B8%A2%E0%B8%A7%E0%B9%82%E0%B8%95%29",https://www.google.com/search?tbm=isch&q=Ine%20Funaya%20Ine%20%28%E0%B8%95%E0%B8%AD%E0%B8%99%E0%B9%80%E0%B8%AB%E0%B8%99%E0%B8%B7%E0%B8%AD%E0%B9%80%E0%B8%81%E0%B8%B5%E0%B8%A2%E0%B8%A7%E0%B9%82%E0%B8%95%29%20japan%20food%20review
59,Kyoto,Higashiyama / Tofukuji,Chikujō Sō (竹城荘 - ชิคุโจโซ เกียวโต),ที่พัก / เรียวกัง,ที่พักสไตล์ญี่ปุ่นดั้งเดิม (Traditional Japanese Inn / Ryokan),เช็คอิน 15:00 เป็นต้นไป,ที่พักบรรยากาศสงบ ใกล้วัดโทฟุคุจิและศาลเจ้าฟูชิมิอินาริ,,"https://www.google.com/maps/search/?api=1&query=34.9745544,135.7732477&query_place_id=Chikuj%C5%8D%20S%C5%8D%20Higashiyama%20/%20Tofukuji",https://www.google.com/search?tbm=isch&q=Chikuj%C5%8D%20S%C5%8D%20Higashiyama%20/%20Tofukuji%20japan%20food%20review
60,Yamanashi,Hokuto (โฮคุโตะ ทางเหนือฟูจิ),Tsusenkyo (หุบเขาซึเซ็นเคียว - 通仙峡),สถานที่ท่องเที่ยว,หุบเขาช่องแคบธรรมชาติและจุดชมใบไม้เปลี่ยนสี (Scenic Gorge & Valley),เปิดตลอดวัน (แนะนำชมช่วงกลางวัน),สะพานแขวนข้ามหุบเขา วิวแม่น้ำมิตากิและธรรมชาติป่าเขา ทิวทัศน์ใบไม้เปลี่ยนสียอดนิยม,,"https://www.google.com/maps/search/?api=1&query=35.858294,138.511784&query_place_id=Tsusenkyo%20Hokuto%20%28%E0%B9%82%E0%B8%AE%E0%B8%84%E0%B8%B8%E0%B9%82%E0%B8%95%E0%B8%B0%20%E0%B8%97%E0%B8%B2%E0%B8%87%E0%B9%80%E0%B8%AB%E0%B8%99%E0%B8%B7%E0%B8%AD%E0%B8%9F%E0%B8%B9%E0%B8%88%E0%B8%B4%29",https://www.google.com/search?tbm=isch&q=Tsusenkyo%20Hokuto%20%28%E0%B9%82%E0%B8%AE%E0%B8%84%E0%B8%B8%E0%B9%82%E0%B8%95%E0%B8%B0%20%E0%B8%97%E0%B8%B2%E0%B8%87%E0%B9%80%E0%B8%AB%E0%B8%99%E0%B8%B7%E0%B8%AD%E0%B8%9F%E0%B8%B9%E0%B8%88%E0%B8%B4%29%20japan%20food%20review
